time_s,full_cylinder_distance_m,centerline_distance_m,full_cylinder_effective
0.7390416849204616,10.000126469665734,9.194568354732418,0
0.7452571500020417,9.974594817285869,9.169746788411212,1
0.7514726150836218,9.949060897077128,9.144923090030868,1
0.757688080165202,9.923524708363963,9.120097258861938,1
0.763903545246782,9.897986250469542,9.095269294172398,1
0.770119010328362,9.87244552272084,9.070439195233561,1
0.7763344754099422,9.84690252444372,9.045606961314958,1
0.7825499404915223,9.821357254966946,9.020772591686576,1
0.7887654055731024,9.795809713619274,8.995936085618993,1
0.7949808706546825,9.770259899731034,8.971097442382629,1
0.8011963357362625,9.744707812634381,8.946256661248734,1
0.8074118008178426,9.719153451661473,8.921413741487397,1
0.8136272658994227,9.693596816146954,8.89656868237072,1
0.8198427309810028,9.668037905425402,8.871721483169344,1
0.8260581960625829,9.642476718833521,8.846872143155304,1
0.832273661144163,9.616913255709482,8.822020661599725,1
0.838489126225743,9.591347515392384,8.797167037775235,1
0.8447045913073231,9.565779497222586,8.77231127095354,1
0.8509200563889032,9.540209200542161,8.747453360407741,1
0.8571355214704833,9.514636624694672,8.722593305410575,1
0.8633509865520634,9.489061769024179,8.697731105234658,1
0.8695664516336435,9.463484632877686,8.672866759153727,1
0.8757819167152237,9.437905215602,8.648000266440942,1
0.8819973817968036,9.412323516546886,8.623131626370837,1
0.8882128468783838,9.386739535062647,8.598260838216754,1
0.8944283119599639,9.361153270501633,8.573387901253604,1
0.900643777041544,9.33556472221746,8.54851281475644,1
0.9068592421231241,9.309973889565649,8.52363557800027,1
0.9130747072047041,9.284380771903129,8.498756190260467,1
0.9192901722862843,9.258785368588471,8.473874650812423,1
0.9255056373678643,9.233187678982107,8.448990958933171,1
0.9317211024494444,9.20758770244549,8.424105113898568,1
0.9379365675310245,9.181985438343576,8.399217114986417,1
0.9441520326126046,9.156380886040543,8.37432696147278,1
0.9503674976941847,9.13077404490441,8.349434652636003,1
0.9565829627757647,9.105164914304163,8.324540187754534,1
0.9627984278573449,9.079553493610515,8.299643566106433,1
0.9690138929389249,9.053939782197364,8.274744786971011,1
0.975229358020505,9.028323779437924,8.249843849627142,1
0.9814448231020851,9.002705484710237,8.22494075335551,1
0.9876602881836652,8.97708489739221,8.200035497435787,1
0.9938757532652454,8.951462016865174,8.175128081149097,1
1.0000912183468254,8.925836842511375,8.150218503776399,1
1.0063066834284056,8.90020937371611,8.125306764599896,1
1.0125221485099856,8.874579609866345,8.100392862902071,1
1.0187376135915658,8.84894755035099,8.07547679796508,1
1.0249530786731458,8.823313194561578,8.050558569073099,1
1.0311685437547258,8.797676541891892,8.02563817550966,1
1.037384008836306,8.772037591737618,8.000715616559562,1
1.043599473917886,8.746396343496391,7.975790891507362,1
1.0498149389994662,8.72075279656946,7.950863999639052,1
1.0560304040810462,8.695106950359419,7.925934940241349,1
1.0622458691626262,8.669458804271907,7.9010037126010335,1
1.0684613342442064,8.643808357714372,7.87607031600571,1
1.0746767993257864,8.618155610097238,7.851134749743024,1
1.0808922644073666,8.592500560833628,7.82619701310293,1
1.0871077294889466,8.566843209338277,7.801257105373822,1
1.0933231945705266,8.54118355503071,7.776315025847827,1
1.0995386596521068,8.515521597330258,7.751370773814264,1
1.105754124733687,8.489857335660925,7.726424348565489,1
1.111969589815267,8.464190769449797,7.7014757493946,1
1.118185054896847,8.438521898125192,7.676524975594237,1
1.1244005199784273,8.412850721119796,7.651572026459408,1
1.1306159850600073,8.387177237868041,7.626616901284216,1
1.1368314501415875,8.361501447807944,7.601659599364838,1
1.1430469152231675,8.335823350381087,7.5767001199975414,1
1.1492623803047475,8.31014294503076,7.551738462480017,1
1.1554778453863277,8.284460231205482,7.526774626111716,1
1.1616933104679077,8.258775208354269,7.501808610190104,1
1.167908775549488,8.233087875931426,7.476840414016806,1
1.174124240631068,8.207398233393999,7.451870036892599,1
1.180339705712648,8.18170628020267,7.426897478119596,1
1.1865551707942281,8.156012015820435,7.401922737000859,1
1.1927706358758081,8.130315439715455,7.376945812841354,1
1.1989861009573883,8.104616551357879,7.351966704945309,1
1.2052015660389683,8.07891535022201,7.326985412619171,1
1.2114170311205483,8.053211835787152,7.302001935171399,1
1.2176324962021285,8.027506007534202,7.277016271909763,1
1.2238479612837088,8.001797864948994,7.2520284221440745,1
1.2300634263652888,7.9760874075209545,7.227038385184602,1
1.2362788914468688,7.950374634744088,7.202046160344431,1
1.2424943565284488,7.924659546115341,7.177051746936327,1
1.248709821610029,7.898942141136794,7.1520551442744935,1
1.2549252866916092,7.873222419313798,7.127056351675303,1
1.2611407517731892,7.847500380156636,7.102055368455318,1
1.2673562168547692,7.821776023179211,7.07705219393347,1
1.2735716819363494,7.796049347900949,7.052046827428992,1
1.2797871470179294,7.770320353844504,7.0270392682641525,1
1.2860026120995096,7.744589040537586,7.002029515760352,1
1.2922180771810896,7.718855407512786,6.977017569242049,1
1.2984335422626696,7.6931194543065935,6.952003428035057,1
1.3046490073442498,7.667381180461458,6.926987091466345,1
1.31086447242583,7.641640585524432,6.901968558864913,1
1.31707993750741,7.615897669046294,6.876947829560471,1
1.32329540258899,7.590152430584613,6.851924902885139,1
1.32951086767057,7.56440486970096,6.826899778172184,1
1.3357263327521502,7.538654985963089,6.801872454757521,1
1.3419417978337305,7.512902778942873,6.776842931977573,1
1.3481572629153105,7.48714824821895,6.75181120917122,1
1.3543727279968905,7.46139139337466,6.726777285679265,1
1.3605881930784705,7.435632213999319,6.701741160843854,1
1.3668036581600507,7.4098707096881675,6.676702834009812,1
1.373019123241631,7.384106880041724,6.651662304522959,1
1.3792345883232109,7.358340724667215,6.626619571731634,1
1.3854500534047909,7.3325722431774345,6.601574634986427,1
1.391665518486371,7.306801435191889,6.576527493639459,1
1.397880983567951,7.281028300335923,6.551478147045503,1
1.4040964486495313,7.2552528382415264,6.526426594560778,1
1.4103119137311113,7.229475048547578,6.501372835544837,1
1.4165273788126913,7.203694930898828,6.476316869358267,1
1.4227428438942715,7.1779124849480285,6.45125869536502,1
1.4289583089758517,7.152127710353688,6.426198312930888,1
1.4351737740574317,7.126340606782169,6.401135721424133,1
1.4413892391390117,7.100551173906733,6.376070920215207,1
1.4476047042205917,7.074759411408547,6.351003908678023,1
1.453820169302172,7.0489653189754105,6.325934686188071,1
1.4600356343837522,7.02316889630335,6.300863252124046,1
1.4662510994653322,6.997370143096653,6.275789605867547,1
1.4724665645469122,6.971569059066342,6.25071374680196,1
1.4786820296284922,6.945765643932441,6.225635674315033,1
1.4848974947100724,6.919959897423404,6.200555387795923,1
1.4911129597916526,6.894151819275379,6.175472886638048,1
1.4973284248732326,6.868341409233391,6.150388170236251,1
1.5035438899548126,6.842528667051394,6.125301237990384,1
1.5097593550363928,6.816713592492882,6.100212089302434,1
1.5159748201179728,6.790896185329313,6.0751207235774976,1
1.522190285199553,6.765076445342383,6.050027140224521,1
1.528405750281133,6.739254372322367,6.024931338655434,1
1.534621215362713,6.713429966070155,5.9998333182862025,1
1.5408366804442932,6.687603226396051,5.9747330785353965,1
1.5470521455258734,6.661774153121084,5.949630618826626,1
1.5532676106074534,6.63594274607524,5.924525938585847,1
1.5594830756890334,6.610109005099969,5.8994190372437005,1
1.5656985407706134,6.584272930048228,5.874309914234476,1
1.5719140058521937,6.558434520782039,5.849198568996174,1
1.5781294709337739,6.532593777175933,5.824085000971907,1
1.5843449360153539,6.506750699115314,5.798969209607545,1
1.5905604010969339,6.480905286497782,5.773851194354997,1
1.5967758661785139,6.455057539231712,5.748730954668219,1
1.602991331260094,6.429207457238933,5.72360849000796,1
1.6092067963416743,6.403355040452961,5.698483799838935,1
1.6154222614232543,6.377500288819723,5.6733568836292925,1
1.6216377265048343,6.3516432022985105,5.648227740853758,1
1.6278531915864145,6.32578378086167,5.6230963709910435,1
1.6340686566679947,6.299922024495865,5.59796277352571,1
1.6402841217495747,6.27405793319909,5.572826947946218,1
1.6464995868311547,6.248191506986338,5.547688893747428,1
1.6527150519127347,6.222322745884526,5.52254861042929,1
1.658930516994315,6.196451649937009,5.497406097497285,1
1.6651459820758951,6.170578219201494,5.472261354463609,1
1.6713614471574751,6.144702453750694,5.44711438084454,1
1.6775769122390551,6.118824353673225,5.421965176163532,1
1.6837923773206351,6.092943919073314,5.396813739949783,1
1.6900078424022154,6.067061150072414,5.371660071739422,1
1.6962233074837956,6.041176046807885,5.346504171074351,1
1.7024387725653756,6.015288609434962,5.321346037503987,1
1.7086542376469556,5.989398838124818,5.296185670582756,1
1.7148697027285356,5.963506733068243,5.271023069874025,1
1.7210851678101158,5.937612294473375,5.245858234947726,1
1.727300632891696,5.911715522566569,5.220691165380242,1
1.733516097973276,5.885816417594943,5.195521860757211,1
1.739731563054856,5.859914979822751,5.170350320670052,1
1.745947028136436,5.834011209536386,5.145176544719441,1
1.7521624932180164,5.808105107041353,5.120000532513414,1
1.7583779582995964,5.782196672664386,5.094822283669217,1
1.7645934233811764,5.7562859067540275,5.069641797811772,1
1.7708088884627564,5.7303728096796736,5.044459074574844,1
1.7770243535443364,5.704457381834377,5.019274113602659,1
1.7832398186259169,5.678539623632895,4.994086914545833,1
1.7894552837074968,5.6526195355143845,4.968897477067387,1
1.7956707487890768,5.626697117941156,4.943705800838472,1
1.8018862138706568,5.600772371401366,4.918511885540577,1
1.8081016789522373,5.574845296406449,4.893315730865509,1
1.8143171440338173,5.548915893495007,4.868117336515261,1
1.8205326091153973,5.522984163232042,4.842916702204039,1
1.8267480741969773,5.497050106208515,4.817713827655163,1
1.8329635392785573,5.471113723044128,4.792508712605022,1
1.8391790043601377,5.445175014385994,4.767301356800582,1
1.8453944694417177,5.419233980911071,4.742091760001838,1
1.8516099345232977,5.393290623325633,4.716879921980268,1
1.8578253996048777,5.367344942366551,4.691665842521308,1
1.8640408646864577,5.341396938802363,4.666449521422315,1
1.8702563297680381,5.315446613431897,4.6412309584944875,1
1.8764717948496181,5.28949396708944,4.6160101535635985,1
1.8826872599311981,5.263539000640584,4.590787106468788,1
1.8889027250127781,5.237581714986691,4.5655618170638625,1
1.8951181900943581,5.211622111063915,4.540334285218396,1
1.9013336551759386,5.185660189845595,4.515104510817097,1
1.9075491202575185,5.159695952340459,4.489872493760259,1
1.9137645853390985,5.133729399597605,4.464638233964944,1
1.9199800504206785,5.107760532703598,4.439401731365798,1
1.926195515502259,5.081789352785992,4.414162985913875,1
1.932410980583839,5.055815861013102,4.388921997578168,1
1.938626445665419,5.029840058595796,4.363678766346699,1
1.944841910746999,5.00386194678915,4.338433292226932,1
1.951057375828579,4.97788152689026,4.31318557524383,1
1.9572728409101594,4.9518988002447255,4.287935615444849,1
1.9634883059917394,4.925913768244165,4.262683412897625,1
1.9697037710733194,4.8999264323280896,4.237428967689784,1
1.9759192361548994,4.873936793986092,4.212172279933207,1
1.9821347012364794,4.8479448547578805,4.186913349760737,1
1.9883501663180598,4.821950616236829,4.161652177329935,1
1.9945656313996398,4.795954080068363,4.136388762821404,1
2.00078109648122,4.7699552479546545,4.111123106441807,1
2.0069965615628,4.743954121653193,4.085855208422934,1
2.01321202664438,4.717950702981164,4.060585069022762,1
2.0194274917259603,4.691944993815191,4.035312688527898,1
2.0256429568075403,4.665936996093038,4.010038067252054,1
2.0318584218891202,4.639926711817221,3.984761205539018,1
2.0380738869707002,4.613914143053749,3.9594821037616117,1
2.0442893520522807,4.5878992919373465,3.9342007623251836,1
2.0505048171338607,4.561882160670923,3.9089171816659607,1
2.0567202822154407,4.535862751528291,3.883631362254104,1
2.0629357472970207,4.50984106685758,3.858343304594506,1
2.0691512123786007,4.483817109081202,3.8330530092267563,1
2.075366677460181,4.457790880698846,3.8077604767275086,1
2.081582142541761,4.431762384290822,3.782465707710693,1
2.087797607623341,4.4057316225195935,3.757168702830872,1
2.094013072704921,4.379698598131551,3.7318694627821927,1
2.100228537786501,4.353663313961469,3.706567988300793,1
2.1064440028680815,4.327625772932314,3.681264280166096,1
2.1126594679496615,4.301585978061832,3.6559583392038038,1
2.1188749330312415,4.275543932461833,3.630650166284562,1
2.1250903981128215,4.249499639342489,3.60533976232804,1
2.1313058631944015,4.223453102017119,3.580027128304592,1
2.137521328275982,4.197404323901809,3.554712265234232,1
2.143736793357562,4.17135330852177,3.5293951741925893,1
2.149952258439142,4.1453000595132234,3.5040758563104104,1
2.156167723520722,4.119244580627781,3.478754312775805,1
2.1623831886023024,4.093186875735402,3.4534305448365687,1
2.1685986536838824,4.067126948828826,3.4281045538027204,1
2.1748141187654624,4.041064804027765,3.4027763410493077,1
2.1810295838470424,4.015000445581401,3.377445908016674,1
2.1872450489286224,3.988933877875173,3.352113256216205,1
2.193460514010203,3.962865105433637,3.3267783872305308,1
2.199675979091783,3.936794132924827,3.301441302716842,1
2.205891444173363,3.9107209651665698,3.27610200441006,1
2.212106909254943,3.8846456071304147,3.250760494126503,1
2.218322374336523,3.8585680639480504,3.2254167737667707,1
2.2245378394181032,3.832488340913902,3.2000708453176903,1
2.2307533044996832,3.8064064434949363,3.1747227108577682,1
2.2369687695812632,3.7803223773331798,3.1493723725603426,1
2.2431842346628432,3.754236148254361,3.1240198326964053,1
2.2493996997444237,3.7281477622716372,3.0986650936400495,1
2.2556151648260037,3.7020572255955884,3.0733081578719377,1
2.2618306299075837,3.675964544638611,3.0479490279843624,1
2.2680460949891637,3.649869726022589,3.0225877066856173,1
2.2742615600707436,3.623772776588256,2.997224196804246,1
2.280477025152324,3.59767370340169,2.9718585012959453,1
2.286692490233904,3.571572513761807,2.9464906232473758,1
2.292907955315484,3.545469215211149,2.921120565882095,1
2.299123420397064,3.5193638155435853,2.8957483325686875,1
2.305338885478644,3.493256322813775,2.870373926823906,1
2.3115543505602245,3.467146745348204,2.844997352322155,1
2.3177698156418045,3.4410350917537755,2.8196186129013903,1
2.3239852807233845,3.4149213709298643,2.7942377125699367,1
2.3302007458049645,3.3888055920795823,2.7688546555160327,1
2.3364162108865445,3.3626877647214526,2.743469446114749,1
2.342631675968125,3.3365678987016283,2.7180820889384507,1
2.348847141049705,3.3104460042065127,2.692692588762847,1
2.355062606131285,3.2843220917779017,2.6673009505811964,1
2.361278071212865,3.258196172325864,2.641907179611646,1
2.3674935362944454,3.2320682571441592,2.6165112813084845,1
2.3737090013760254,3.2059383579264944,2.5911132613759404,1
2.3799244664576054,3.179806486781913,2.5657131257777657,1
2.3861399315391854,3.1536726562526916,2.540310880752119,1
2.3923553966207654,3.1275368793330167,2.514906532824968,1
2.398570861702346,3.1013991694878724,2.489500088825424,1
2.404786326783926,3.0752595406729224,2.4640915559003833,1
2.411001791865506,3.049118007354855,2.4386809415311315,1
2.417217256947086,3.022974584535644,2.413268253553293,1
2.4234327220286658,2.996829287774406,2.3878535001724654,1
2.429648187110246,2.9706821332119127,2.3624366899867852,1
2.435863652191826,2.9445331375976513,2.337017832007424,1
2.442079117273406,2.9183823183169344,2.311596935680891,1
2.448294582354986,2.892229693418568,2.286174010914288,1
2.454510047436566,2.8660752816474186,2.26074906810154,1
2.4607255125181466,2.8399191024741417,2.23532211814885,1
2.4669409775997266,2.8137611761315937,2.209893172508211,1
2.4731564426813066,2.7876015236485054,2.1844622432054392,1
2.4793719077628866,2.7614401668878603,2.1590293428765457,1
2.485587372844467,2.735277128589232,2.1335944848040325,1
2.491802837926047,2.7091124324076254,2.1081576829537614,1
2.498018303007627,2.682946102961333,2.082718952021291,1
2.504233768089207,2.6567781658768346,2.057278307471887,1
2.510449233170787,2.630608647842117,2.0318357655925694,1
2.5166646982523675,2.604437576658138,2.0063913435441254,1
2.5228801633339475,2.578264981295352,1.980945059414876,1
2.5290956284155275,2.5520908919564245,1.9554969322847342,1
2.5353110934971075,2.525915340135512,1.930046982287181,1
2.5415265585786875,2.4997383586918085,1.9045952306832525,1
2.547742023660268,2.473559981917697,1.8791416999358006,1
2.553957488741848,2.4473802456177207,1.853686413793647,1
2.560172953823428,2.4211991871888805,1.828229397379554,1
2.566388418905008,2.3950168457103644,1.8027706772899295,1
2.572603883986588,2.3688332620354315,1.77731028169967,1
2.5788193490681683,2.3426484788889104,1.7518482404753475,1
2.5850348141497483,2.3164625409771427,1.7263845853038264,1
2.5912502792313283,2.290275647767851,1.7009193498251258,1
2.5974657443129083,2.2640884833259833,1.6754525697842846,1
2.6036812093944888,2.2379003298108984,1.6499842831918539,1
2.6098966744760688,2.211711241726149,1.6245145305042517,1
2.6161121395576488,2.185521276236604,1.5990433548160243,1
2.6223276046392288,2.1593304933340134,1.5735708020761847,1
2.6285430697208088,2.1331389560095393,1.548096921323479,1
2.634758534802389,2.1069467304404017,1.522621764942523,1
2.640973999883969,2.0807538861903225,1.497145388952827,1
2.647189464965549,2.0545604964258795,1.471667853321181,1
2.653404930047129,2.028366638150356,1.446189222311147,1
2.659620395128709,2.0021723924533634,1.420709564867014,1
2.6658358602102896,1.9759778447827843,1.395228955045557,1
2.6720513252918696,1.9497830852381568,1.369747472488678,1
2.6782667903734496,1.9235882088857688,1.3442652029536273,1
2.6844822554550296,1.8973933161041712,1.3187822389063484,1
2.6906977205366096,1.8711985129531818,1.2932986801811157,1
2.69691318561819,1.8450039115808434,1.2678146347234704,1
2.70312865069977,1.8188096306575758,1.2423302194195778,1
2.70934411578135,1.7926157958563045,1.216845561036662,1
2.71555958086293,1.7664225403684124,1.1913607972775324,1
2.7217750459445105,1.740230005472036,1.1658760779764974,1
2.7279905110260905,1.714038341147365,1.1403915664568054,1
2.7342059761076705,1.6878477067519377,1.1149074410690172,1
2.7404214411892505,1.6616582717587705,1.0894238969513028,1
2.7466369062708305,1.635470216565044,1.0639411480365308,1
2.7528523713524105,1.60928373338076,1.038459429359942,1
2.759067836433991,1.5830990272012082,1.0129789997078245,1
2.765283301515571,1.5569163168836024,0.9875001446818531,1
2.771498766597151,1.5307358363276047,0.9620231802453006,1
2.777714231678731,1.5045578357808886,0.936548456845556,1
2.783929696760311,1.4783825832847073,0.9110763642292157,1
2.7901451618418913,1.4522103662706212,0.8856073370844572,1
2.7963606269234713,1.4260414933356638,0.8601418616790734,1
2.8025760920050513,1.3998762962132867,0.8346804837110846,1
2.8087915570866313,1.3737151319688785,0.8092238176350989,1
2.8150070221682113,1.3475583854490085,0.7837725577939698,1
2.8212224872497917,1.3214064720188672,0.7583274917823934,1
2.8274379523313717,1.295259840628555,0.7328895165756607,1
2.8336534174129517,1.2691189772571227,0.7074596581152298,1
2.8398688824945317,1.2429844087836306,0.6820390952433999,1
2.846084347576112,1.2168567073547882,0.656629189153699,1
2.852299812657692,1.1907364953219337,0.6312315198920004,1
2.858515277739272,1.1646244508330885,0.605847931949227,1
2.864730742820852,1.1385213141867638,0.5804805916895641,1
2.870946207902432,1.1124278950695339,0.5551320603427599,1
2.8771616729840126,1.0863450808234418,0.5298053876782229,1
2.8833771380655926,1.0602738459163048,0.5045042334943112,1
2.8895926031471726,1.034215262820721,0.4792330269783048,1
2.8958080682287526,1.0081705145609783,0.45399717835703346,1
2.9020235333103326,0.9821409092154747,0.4288033637959103,1
2.908238998391913,0.9561278967520679,0.4036599146141089,1
2.914454463473493,0.9301330886317896,0.37857735767598005,1
2.920669928555073,0.9041594144122452,0.35356917916549363,1
2.926885393636653,0.8782117011246249,0.32865292549162034,1
2.933100858718233,0.8522885382435917,0.30385182496532753,1
2.9393163237998134,0.826392483555712,0.279197234640937,1
2.9455317888813934,0.8005264233704653,0.2547324314177324,1
2.9517472539629734,0.7746936263632097,0.23051865955148337,1
2.9579627190445534,0.7488978082147657,0.20664508684932212,1
2.964178184126134,0.7231432096416859,0.18324574789048975,1
2.970393649207714,0.6974346910954576,0.16052932185531654,1
2.976609114289294,0.6717778483819707,0.1388327896283447,1
2.982824579370874,0.6461791546778128,0.1187182363115633,1
2.989040044452454,0.6330677566809898,0.10113588125513005,1
2.9952555095340343,0.6266242453751831,0.0876256758060752,1
3.0014709746156143,0.6211826787453696,0.08027311289951695,1
3.0076864396971943,0.6168063339029064,0.08077984124859668,1
3.0139019047787743,0.613483632473247,0.08901384761150136,1
3.0201173698603543,0.6112478064011766,0.10314259804857935,1
3.0263328349419347,0.6226194883185951,0.12112204714387627,1
3.0325483000235147,0.6475131657063327,0.14149312972561168,1
3.0387637651050947,0.6724092569681788,0.16336474067448,1
3.0449792301866747,0.6973077487860281,0.18620989590264175,1
3.0511946952682547,0.7222086297950476,0.20971157171197188,1
3.057410160349835,0.747111890258428,0.23367256940452602,1
3.063625625431415,0.7720175218051835,0.257965660433848,1
3.069841090512995,0.7969255172172981,0.28250585450536314,1
3.076056555594575,0.8218358702553952,0.3072345605905148,1
3.0822720206761556,0.846748575514533,0.3321102411680016,1
3.0884874857577356,0.87166362830594,0.3571027126839406,1
3.0947029508393156,0.8965810245576465,0.3821895592113006,1
3.1009184159208956,0.92150076073021,0.40735380985124303,1
3.1071338810024756,0.9464228337480168,0.43258239462302506,1
3.113349346084056,0.9713472409392435,0.45786509328482383,1
3.119564811165636,0.9962739799862999,0.483193804204924,1
3.125780276247216,1.0212030488809853,0.508562025881739,1
3.131995741328796,1.046134445889787,0.5339644827372979,1
3.138211206410376,1.0710681695205653,0.5593968506786708,1
3.1444266714919564,1.096004218496473,0.5848555528720395,1
3.1506421365735364,1.1209425917298417,0.6103376057224449,1
3.1568576016551164,1.145883288305263,0.6358405012908965,1
3.1630730667366964,1.1708263074573513,0.6613621165061863,1
3.1692885318182764,1.1957716485580716,0.6869006423355097,1
3.175503996899857,1.2207193111014962,0.7124545279946962,1
3.181719461981437,1.2456692946915444,0.7380224366076826,1
3.187934927063017,1.2706215990326635,0.7636032096734738,1
3.194150392144597,1.2955762239171529,0.789195838369054,1
3.2003658572261773,1.3205331692216917,0.8147994402112403,1
3.2065813223077573,1.3454924348942743,0.8404132399360756,1
3.2127967873893373,1.3704540209517717,0.8660365537479557,1
3.2190122524709173,1.3954179274721943,0.8916687762574828,1
3.2252277175524973,1.420384154588442,0.917309369590467,1
3.2314431826340777,1.4453527024860415,0.9429578542643531,1
3.2376586477156577,1.470323571396096,0.9686138014968896,1
3.2438741127972377,1.4952967615943085,0.994276826702757,1
3.2500895778788177,1.520272273394547,1.019946583959313,1
3.2563050429603977,1.5452501071472045,1.0456227612885858,1
3.262520508041978,1.5702302632368503,1.071305076606974,1
3.268735973123558,1.595212742078633,1.0969932742447226,1
3.274951438205138,1.6201975441163672,1.1226871219376047,1
3.281166903286718,1.6451846698194237,1.1483864082203117,1
3.287382368368298,1.670174119683266,1.174090940163036,1
3.2935978334498786,1.6951658942251304,1.1998005413921378,1
3.2998132985314585,1.7201599939832777,1.2255150503632446,1
3.3060287636130385,1.7451564195159963,1.2512343188442265,1
3.3122442286946185,1.7701551714001182,1.2769582105791217,1
3.318459693776199,1.7951562502277172,1.3026866001117852,1
3.324675158857779,1.8201596566099854,1.3284193717455905,1
3.330890623939359,1.8451653911699462,1.354156418618022,1
3.337106089020939,1.8701734545454478,1.3798976418811477,1
3.343321554102519,1.895183847388805,1.4056429499729357,1
3.3495370191840994,1.9201965703616986,1.4313922579611118,1
3.3557524842656794,1.9452116241400708,1.4571454869640268,1
3.3619679493472594,1.9702290094084867,1.4829025636228637,1
3.3681834144288394,1.9952487268630164,1.5086634196373687,1
3.3743988795104194,2.020270777208145,1.5344279913383607,1
3.380614344592,2.0452951611575982,1.5601962193090326,1
3.38682980967358,2.0703218794343363,1.5859680480429943,1
3.39304527475516,2.0953509327680693,1.6117434256287315,1
3.39926073983674,2.1203823218971847,1.637522303471034,1
3.40547620491832,2.145416047565152,1.6633046360333472,1
3.4116916699999003,2.170452110524996,1.6890903806078692,1
3.4179071350814803,2.19549051153344,1.7148794971000254,1
3.4241226001630602,2.220531251354845,1.7406719478398678,1
3.4303380652446402,2.245574330758679,1.766467697401813,1
3.4365535303262207,2.27061975051959,1.7922667124469143,1
3.4427689954078007,2.295667511417555,1.8180689615743961,1
3.4489844604893807,2.3207176142379398,1.8438744151865274,1
3.4551999255709607,2.345770059770025,1.8696830453648876,1
3.4614153906525407,2.3708248488080494,1.8954948257556097,1
3.467630855734121,2.395881982149895,1.9213097314674856,1
3.473846320815701,2.420941460597545,1.9471277389726138,1
3.480061785897281,2.446003284957497,1.9729488260183528,1
3.486277250978861,2.471067456039031,1.9987729715465572,1
3.492492716060441,2.496133974655183,2.0246001556161524,1
3.4987081811420215,2.521202841622955,2.050430359334692,1
3.5049236462236015,2.5462740577610643,2.076263564791347,1
3.5111391113051815,2.5713476238933715,2.1020997549997884,1
3.5173545763867615,2.596423540844717,2.12793891383923,1
3.5235700414683415,2.621501809443852,2.153781026005429,1
3.529785506549922,2.646582430521601,2.179626076959755,1
3.536000971631502,2.6716654049116233,2.2054740528879715,1
3.542216436713082,2.696750733450587,2.2313249406562323,1
3.548431901794662,2.7218384169765937,2.2571787277714,1
3.5546473668762424,2.746928456330817,2.2830354023482045,1
3.5608628319578224,2.772020852355894,2.3088949530721363,1
3.5670782970394024,2.7971156058977282,2.3347573691708012,1
3.5732937621209824,2.8222127178031235,2.360622640381846,1
3.5795092272025624,2.847312188921253,2.386490756927055,1
3.585724692284143,2.872414020103576,2.412361709486058,1
3.591940157365723,2.8975182122026646,2.4382354891713858,1
3.598155622447303,2.922624766073507,2.464112087509251,1
3.604371087528883,2.9477336825727085,2.489991496412904,1
3.610586552610463,2.9728449625583653,2.515873708167608,1
3.6168020176920432,2.9979586068900295,2.54175871540804,1
3.6230174827736232,3.023074616429533,2.5676465111041615,1
3.6292329478552032,3.0481929920395663,2.5935370885422704,1
3.6354484129367832,3.073313734583866,2.6194304413099294,1
3.6416638780183637,3.098436844929209,2.645326563282435,1
3.6478793430999437,3.1235623239421115,2.671225448607322,1
3.6540948081815237,3.1486901724909178,2.697127091692896,1
3.6603102732631037,3.1738203914460303,2.723031487194305,1
3.6665257383446836,3.198952981678451,2.7489386300041336,1
3.672741203426264,3.2240879440603574,2.7748485152388964,1
3.678956668507844,3.249225279464833,2.80076113823078,1
3.685172133589424,3.2743649887672306,2.8266764945168816,1
3.691387598671004,3.2995070728430043,2.852594579829573,1
3.697603063752584,3.3246515325698778,2.8785153900903326,1
3.7038185288341645,3.349798368824958,2.904438921396726,1
3.7100339939157445,3.3749475824883994,2.930365170019454,1
3.7162494589973245,3.4000991744390094,2.9562941323911556,1
3.7224649240789045,3.425253145559678,2.982225805102715,1
3.7286803891604845,3.450409496731439,3.0081601848934545,1
3.734895854242065,3.4755682288377976,3.0340972686463727,1
3.741111319323645,3.5007293427631416,3.0600370533823904,1
3.747326784405225,3.525892839391953,3.0859795362536038,1
3.753542249486805,3.551058719611058,3.111924714539229,1
3.7597577145683854,3.576226984306634,3.1378725856380134,1
3.7659731796499654,3.601397634367032,3.1638231470670806,1
3.7721886447315454,3.6265706706805263,3.1897763964530106,1
3.7784041098131254,3.6517460941365822,3.2157323315306776,1
3.7846195748947054,3.6769239056259995,3.2416909501369964,1
3.790835039976286,3.7021041060390614,3.2676522502085636,1
3.797050505057866,3.7272866962685764,3.293616229775737,1
3.803265970139446,3.7524716772069135,3.3195828869610136,1
3.809481435221026,3.777659049747602,3.3455522199744836,1
3.8156969003026058,3.802848814784985,3.3715242271098953,1
3.821912365384186,3.8280409732144673,3.3974989067437003,1
3.828127830465766,3.8532355259313875,3.4234762573292215,1
3.834343295547346,3.8784324738319045,3.4494562773950164,1
3.840558760628926,3.903631817813994,3.475438965542925,1
3.846774225710506,3.928833558775577,3.501424320444073,1
3.8529896907920866,3.954037697615152,3.527412340837513,1
3.8592051558736666,3.979244235231754,3.553403025525954,1
3.8654206209552466,4.0044531725257695,3.5793963733757255,1
3.8716360860368266,4.0296645103980495,3.6053923833131263,1
3.877851551118407,4.054878249750047,3.6313910543226644,1
3.884067016199987,4.08009439148328,3.657392385444432,1
3.890282481281567,4.105312936500702,3.6833963757736154,1
3.896497946363147,4.130533885705872,3.7094030244573917,1
3.902713411444727,4.155757240002152,3.7354123306927165,1
3.9089288765263075,4.180983000295119,3.7614242937267166,1
3.9151443416078875,4.206211167489538,3.787438912852615,1
3.9213598066894675,4.231441742491103,3.8134561874096287,1
3.9275752717710475,4.256674726206303,3.8394761167811726,1
3.9337907368526275,4.281910119542443,3.8654987003924055,1
3.940006201934208,4.307147923407319,3.8915239377112316,1
3.946221667015788,4.332388138708366,3.917551828243569,1
3.952437132097368,4.357630766355543,3.943582371535583,1
3.958652597178948,4.38287580725745,3.969615567169212,1
3.964868062260528,4.408123262324486,3.9956514147638047,1
3.9710835273421083,4.433373132467189,4.021689913973349,1
3.9772989924236883,4.458625418597135,4.047731064485295,1
3.9835144575052683,4.483880121625612,4.073774866020372,1
3.9897299225868483,4.509137242464167,4.09982131833018,1
3.9959453876684288,4.534396782027176,4.125870421198745,1
4.002160852750009,4.559658741227144,4.151922174438748,1
4.008376317831589,4.584923120977913,4.177976577891804,1
4.014591782913169,4.610189922194578,4.204033631428573,1
4.020807247994749,4.635459145791663,4.23009333494568,1
4.027022713076329,4.660730792684659,4.256155688367212,1
4.03323817815791,4.68600486379067,4.282220691642434,1
4.039453643239489,4.7112813600254295,4.3082883447458284,1
4.04566910832107,4.7365602823057795,4.33435864767499,1
4.051884573402649,4.761841631550172,4.3604316004526105,1
4.05810003848423,4.787125408676661,4.386507203122775,1
4.06431550356581,4.812411614603974,4.41258545575231,1
4.07053096864739,4.837700250251272,4.438666358429073,1
4.07674643372897,4.862991316538346,4.4647499112627065,1
4.08296189881055,4.888284814385561,4.49083611438227,1
4.08917736389213,4.913580744713486,4.51692496793638,1
4.0953928289737105,4.9388791084435635,4.543016472094236,1
4.10160829405529,4.964179906497778,4.569110627041887,1
4.1078237591368705,4.989483139798418,4.595207432984384,1
4.114039224218451,5.014788809267665,4.621306890144474,1
4.1202546893000305,5.0400969158297055,4.6474089987623195,1
4.126470154381611,5.065407460408093,4.67351375909411,1
4.1326856194631905,5.090720443926535,4.699621171411872,1
4.138901084544771,5.116035867310626,4.725731236004773,1
4.145116549626351,5.1413537314851006,4.751843953176755,1
4.151332014707931,5.166674037376214,4.777959323246489,1
4.157547479789511,5.191996785909579,4.8040773465473485,1
4.163762944871091,5.217321978012857,4.83019802342755,1
4.169978409952671,5.24264961461179,4.856321354247493,1
4.176193875034252,5.267979696636102,4.882447339383674,1
4.182409340115831,5.293312225012399,4.908575979223329,1
4.188624805197412,5.318647200669934,4.934707274167445,1
4.194840270278991,5.343984624537725,4.9608412246295766,1
4.201055735360572,5.36932449754543,4.986977831035211,1
4.207271200442152,5.394666820623329,5.01311709382261,1
4.213486665523732,5.420011594701459,5.0392590134398025,1
4.219702130605312,5.445358820711957,5.065403590348226,1
4.225917595686892,5.4707084995852435,5.091550825018523,1
4.232133060768472,5.496060632253985,5.117700717933189,1
4.238348525850053,5.521415219650193,5.143853269584631,1
4.244563990931632,5.546772262706682,5.1700084804761035,1
4.250779456013213,5.572131762357693,5.196166351120535,1
4.256994921094792,5.597493719536344,5.222326882039843,1
4.263210386176373,5.622858135177004,5.2484900737668605,1
4.269425851257953,5.648225010214944,5.274655926842997,1
4.275641316339533,5.673594345584976,5.300824441818695,1
4.281856781421113,5.698966142223273,5.326995619253687,1
4.288072246502693,5.724340401065332,5.353169459715591,1
4.294287711584273,5.749717123048475,5.379345963781388,1
4.3005031766658535,5.775096309109202,5.405525132035635,1
4.306718641747433,5.800477960185785,5.431706965072273,1
4.3129341068290135,5.82586207721572,5.457891463490805,1
4.319149571910594,5.851248661137542,5.484078627900435,1
4.3253650369921735,5.876637712890359,5.510268458917947,1
4.331580502073754,5.902029233413344,5.536460957166081,1
4.337795967155333,5.927423223646972,5.5626561232763825,1
4.344011432236914,5.952819684530384,5.5888539578857035,1
4.350226897318494,5.97821861700563,5.615054461640257,1
4.356442362400074,6.003620022012951,5.64125763519058,1
4.362657827481654,6.029023900494427,5.6674634791957015,1
4.368873292563234,6.054430253392265,5.693671994319817,1
4.375088757644814,6.079839081649161,5.719883181234467,1
4.381304222726395,6.105250386207894,5.746097040616741,1
4.387519687807974,6.130664168011381,5.772313573149832,1
4.393735152889555,6.156080428004756,5.7985327795237795,1
4.399950617971134,6.181499167131372,5.82475466043265,1
4.406166083052715,6.206920386336899,5.85097921657895,1
4.412381548134295,6.232344086565895,5.877206448668091,1
4.418597013215875,6.257770268764608,5.903436357412212,1
4.424812478297455,6.283198933878601,5.9296689435291,1
4.431027943379035,6.308630082855326,5.955904207741563,1
4.437243408460615,6.334063716641706,5.982142150777157,1
4.443458873542196,6.359499836184413,6.008382773368791,1
4.449674338623775,6.384938442432163,6.034626076254509,1
4.455889803705356,6.410379536333088,6.060872060177209,1
4.462105268786935,6.435823118836828,6.087120725884442,1
4.468320733868516,6.461269190891527,6.113372074127953,1
4.474536198950096,6.4867177534476355,6.139626105665506,1
4.480751664031676,6.5121688074548105,6.165882821257687,1
4.486967129113256,6.537622353864543,6.19214222167057,1
4.493182594194836,6.5630783936277615,6.2184043076745095,1
4.499398059276416,6.588536927695416,6.244669080043158,1
4.5056135243579964,6.613997957019625,6.270936539555848,1
4.511828989439576,6.6394614825531475,6.297206686994708,1
4.518044454521156,6.664927505249108,6.323479523147216,1
4.524259919602736,6.690396026059874,6.349755048802988,1
4.530475384684316,6.715867045940401,6.376033264757555,1
4.536690849765897,6.7413405658440855,6.4023141718083165,1
4.542906314847476,6.766816586725728,6.428597770758188,1
4.549121779929057,6.792295109540357,6.454884062412325,1
4.555337245010637,6.817776135243874,6.481173047580775,1
4.561552710092217,6.843259664792257,6.507464727076317,1
4.567768175173797,6.868745699140857,6.533759101714542,1
4.573983640255377,6.89423423924848,6.560056172316527,1
4.580199105336957,6.9197252860710154,6.586355939705185,1
4.586414570418538,6.9452188405662545,6.612658404706507,1
4.592630035500117,6.9707149036931835,6.638963568151189,1
4.598845500581698,6.996213476409606,6.665271430871038,1
4.605060965663277,7.021714559675706,6.691581993703883,1
4.611276430744858,7.047218154449333,6.7178952574877595,1
4.617491895826438,7.072724261692182,6.7442112230653715,1
4.623707360908018,7.098232882363573,6.770529891282143,1
4.629922825989598,7.123744017424929,6.7968512629862285,1
4.636138291071178,7.149257667837183,6.823175339029054,1
4.642353756152758,7.174773834562484,6.849502120264115,1
4.648569221234339,7.2002925185625175,6.875831607548884,1
4.654784686315918,7.225813720800044,6.902163801742417,1
4.661000151397499,7.251337442238622,6.928498703707853,1
4.667215616479078,7.276863683841128,6.954836314308949,1
4.673431081560659,7.30239244657184,6.981176634414737,1
4.679646546642239,7.327923731394992,7.007519664894673,1
4.6858620117238186,7.353457539276087,7.033865406622119,1
4.692077476805399,7.378993871179235,7.060213860471451,1
4.6982929418869785,7.404532728070939,7.086565027321093,1
4.704508406968559,7.430074110917365,7.112918908051849,1
4.710723872050139,7.455618020684681,7.139275503545623,1
4.716939337131719,7.481164458340251,7.165634814687417,1
4.723154802213299,7.50671342485147,7.191996842365032,1
4.729370267294879,7.5322649211865,7.218361587468321,1
4.735585732376459,7.557818948313522,7.244729050888951,1
4.74180119745804,7.583375507201177,7.271099233520747,1
4.74801666253962,7.608934598819274,7.297472136260993,1
4.7542321276212,7.634496224136438,7.323847760007379,1
4.76044759270278,7.660060384124022,7.350226105661319,1
4.76666305778436,7.685627079751846,7.376607174125344,1
4.77287852286594,7.711196311991232,7.4029909663048965,1
4.779093987947521,7.7367680818140485,7.429377483106331,1
4.7853094530291,7.7623423901912325,7.4557667254387265,1
4.791524918110681,7.787919238095958,7.482158694213801,1
4.79774038319226,7.813498626500614,7.5085533903434465,1
4.803955848273841,7.839080556378733,7.534950814743888,1
4.810171313355421,7.864665028703621,7.561350968331031,1
4.816386778437001,7.890252044449534,7.5877538520242265,1
4.822602243518581,7.915841604591326,7.614159466743807,1
4.828817708600161,7.941433710103734,7.640567813413111,1
4.835033173681741,7.967028361962675,7.666978892955752,1
4.841248638763322,7.992625561142903,7.693392706297289,1
4.847464103844901,8.018225308622075,7.719809254367133,1
4.853679568926482,8.043827605376231,7.746228538093935,1
4.859895034008061,8.069432452382683,7.772650558409825,1
4.8661104990896416,8.095039850619068,7.799075316246962,1
4.872325964171222,8.12064980106401,7.825502812541514,1
4.8785414292528015,8.146262304695032,7.851933048228832,1
4.884756894334382,8.171877362492312,7.878366024248063,1
4.8909723594159615,8.197494975434873,7.904801741538736,1
4.897187824497542,8.223115144502039,7.931240201041643,1
4.903403289579122,8.248737870674816,7.957681403700616,1
4.909618754660702,8.274363154933578,7.984125350460013,1
4.915834219742282,8.299990998260014,8.010572042266388,1
4.922049684823862,8.325621401635148,8.037021480066628,1
4.928265149905442,8.351254366041509,8.063473664810688,1
4.934480614987023,8.376889892461735,8.089928597449378,1
4.940696080068602,8.402527981878574,8.116386278934558,1
4.946911545150183,8.428168635275462,8.142846710220018,1
4.953127010231763,8.453811853636553,8.169309892261507,1
4.959342475313343,8.479457637946092,8.195775826015062,1
4.965557940394923,8.505105989187973,8.22224451243881,1
4.971773405476503,8.530756908349135,8.24871595249259,1
4.977988870558083,8.556410396413922,8.275190147137208,1
4.984204335639664,8.582066454368737,8.301667097334956,1
4.990419800721243,8.60772508320097,8.328146804049505,1
4.996635265802824,8.63338628389601,8.354629268245299,1
5.002850730884403,8.6590500574426,8.381114490889445,1
5.009066195965984,8.684716404828064,8.407602472949327,1
5.015281661047564,8.710385327041354,8.434093215393831,1
5.021497126129144,8.736056825070364,8.460586719193428,1
5.027712591210724,8.761730899904935,8.487082985319852,1
5.033928056292304,8.787407552534614,8.513582014745975,1
5.040143521373884,8.813086783949586,8.540083808445225,1
5.0463589864554645,8.838768595140245,8.566588367393964,1
5.052574451537044,8.864452987097827,8.593095692568264,1
5.0587899166186245,8.890139960813782,8.6196057849461,1
5.065005381700204,8.915829517279713,8.64611864550645,1
5.0712208467817845,8.941521657488588,8.672634275229848,1
5.077436311863365,8.967216382432468,8.699152675097734,1
5.0836517769449445,8.992913693105411,8.72567384609301,1
5.089867242026525,9.01861359050027,8.752197789198792,1
5.0960827071081045,9.044316075612072,8.778724505400701,1
5.102298172189685,9.070021149434757,8.805253995685026,1
5.108513637271265,9.095728812963586,8.831786261038006,1
5.114729102352845,9.121439067194338,8.858321302449706,1
5.120944567434425,9.147151913122487,8.884859120908551,1
5.127160032516005,9.172867351744989,8.911399717405635,1
5.133375497597585,9.198585384058125,8.937943092932654,1
5.139590962679166,9.224306011059781,8.964489248482929,1
5.145806427760745,9.25002923374736,8.991038185049945,1
5.152021892842326,9.275755053118376,9.017589903628368,1
5.158237357923905,9.301483470173174,9.044144405215443,1
5.164452823005486,9.32721448590903,9.070701690807486,1
5.170668288087066,9.35294810132687,9.097261761403278,1
5.176883753168646,9.378684317425929,9.123824618001686,1
5.183099218250226,9.404423135206958,9.15039026160363,1
5.189314683331807,9.430164555671144,9.17695869320997,1
5.195530148413386,9.455908579818836,9.203529913822903,1
5.201745613494967,9.481655208652933,9.230103924446531,1
5.207961078576546,9.507404443174817,9.256680726084747,1
5.214176543658127,9.533156284387815,9.283260319743238,1
5.220392008739707,9.55891073329475,9.309842706428224,1
5.226607473821287,9.58466779090001,9.336427887147224,1
5.232822938902867,9.610427458206628,9.363015862908743,1
5.239038403984447,9.636189736219102,9.389606634721119,1
5.245253869066027,9.661954625943297,9.416200203596434,1
5.2514693341476075,9.687722128383713,9.442796570544305,1
5.257684799229187,9.713492244547119,9.469395736578146,1
5.2639002643107675,9.739264975438994,9.495997702710396,1
5.270115729392347,9.765040322066724,9.522602469955176,1
5.2763311944739275,9.790818285436728,9.549210039327692,1
5.282546659555508,9.816598866557932,9.575820411844221,1
5.2887621246370875,9.842382066437874,9.602433588521173,1
5.294977589718668,9.868167886084528,9.629049570376367,1
5.3011930548002475,9.893956326507952,9.655668358428608,1
5.307408519881828,9.919747388716758,9.682289953697554,1
5.313623984963408,9.945541073721786,9.708914357203943,1
5.319839450044988,9.9713373825324,9.735541569968333,1
5.326054915126568,9.997136316160857,9.76217159301429,1
5.332270380208148,10.022937875617025,9.788804427363315,0
5.338485845289728,10.048742061913629,9.81544007404099,0
5.344701310371309,10.074548876062615,9.842078534071833,0
5.350916775452888,10.100358319076593,9.86871980848084,0
5.357132240534469,10.126170391968564,9.895363898295386,0
5.363347705616048,10.1519850957525,9.922010804542646,0
5.369563170697629,10.177802431442501,9.9486605282514,0
5.375778635779209,10.203622400052456,9.975313070450106,0
5.381994100860789,10.229445002598126,10.00196843216968,0
5.388209565942369,10.255270240094505,10.028626614440117,0
5.394425031023949,10.281098113557395,10.055287618293585,0
5.400640496105529,10.306928624003511,10.081951444762538,0
5.40685596118711,10.332761772448936,10.108618094880251,0
5.413071426268689,10.35859755991204,10.135287569681395,0
5.41928689135027,10.38443598740944,10.161959870200088,0
5.42550235643185,10.410277055959625,10.188634997472512,0
5.43171782151343,10.4361207665815,10.215312952535491,0
5.43793328659501,10.461967120294625,10.241993736426519,0
5.44414875167659,10.487816118117426,10.268677350183435,0
5.45036421675817,10.513667761070137,10.295363794844828,0
5.4565796818397505,10.539522050174023,10.3220530714516,0
5.46279514692133,10.565378986449192,10.3487451810434,0
5.4690106120029105,10.591238570917612,10.37544012466216,0
5.47522607708449,10.617100804600588,10.40213790334971,0
5.4814415421660705,10.64296568852057,10.428838518149076,0
5.487657007247651,10.668833223700817,10.455541970103875,0
5.4938724723292305,10.694703411164122,10.482248260258858,0
5.500087937410811,10.720576251934213,10.508957389658837,0
5.5063034024923905,10.74645174703513,10.535669359349964,0
5.512518867573971,10.772329897491675,10.562384170378863,0
5.518734332655551,10.798210704328843,10.589101823793223,0
5.524949797737131,10.824094168571966,10.615822320641632,0
5.531165262818711,10.849980291247423,10.642545661972543,0
5.537380727900291,10.87586907338178,10.669271848836255,0
5.543596192981871,10.90176051600126,10.696000882282718,0
5.549811658063452,10.927654620133705,10.72273276336302,0
5.556027123145031,10.953551386807,10.749467493130107,0
5.562242588226612,10.979450817049292,10.776205072635864,0
5.568458053308191,11.00535291188959,10.802945502933849,0
5.574673518389772,11.03125767235656,10.829688785078332,0
5.580888983471352,11.057165099480606,10.85643492012462,0
5.587104448552932,11.083075194291085,10.883183909127585,0
5.593319913634512,11.10898795781991,10.90993575314455,0
5.599535378716092,11.13490339109699,10.936690453231904,0
5.605750843797672,11.160821495153913,10.963448010446804,0
5.611966308879253,11.186742271023471,10.9902084258493,0
5.618181773960832,11.212665719737556,11.016971700497368,0
5.624397239042413,11.238591842329342,11.043737835451982,0
5.630612704123993,11.26452063983208,11.070506831772313,0
5.636828169205573,11.29045211327963,11.097278690521039,0
5.643043634287153,11.316386263706619,11.124053412759682,0
5.649259099368733,11.34232309214753,11.150830999550603,0
5.655474564450313,11.36826259963804,11.177611451957848,0
5.6616900295318935,11.394204787213328,11.204394771045154,0
5.667905494613473,11.420149655910036,11.231180957877415,0
5.6741209596950535,11.44609720676455,11.257970013520163,0
5.680336424776633,11.472047440814247,11.284761939039887,0
5.6865518898582135,11.498000359097059,11.311556735502943,0
5.692767354939794,11.523955962650188,11.33835440397701,0
5.6989828200213735,11.54991425251281,11.365154945530612,0
5.705198285102954,11.57587522972366,11.391958361232469,0
5.7114137501845335,11.60183889532242,11.418764652152001,0
5.717629215266114,11.62780525034907,11.445573819359769,0
5.723844680347694,11.653774295844297,11.472385863926844,0
5.730060145429274,11.679746032847836,11.499200786923925,0
5.736275610510854,11.70572046240241,11.526018589424977,0
5.742491075592434,11.73169758554922,11.552839272501643,0
5.748706540674014,11.757677403330478,11.579662837227746,0
5.754922005755595,11.783659916789025,11.606489284677616,0
5.761137470837174,11.809645126968212,11.633318615926358,0
5.767352935918755,11.835633034911739,11.660150832049794,0
5.773568401000334,11.861623641663734,11.68698593412366,0
5.779783866081915,11.887616948269118,11.713823923225197,0
5.785999331163495,11.913612955772045,11.740664800431778,0
5.792214796245075,11.939611665219429,11.767508566822173,0
5.798430261326655,11.965613077656673,11.794355223475067,0
5.804645726408235,11.991617194130136,11.8212047714694,0
5.810861191489815,12.017624015687334,11.848057211886363,0
5.817076656571396,12.043633543374794,11.874912545805246,0
5.823292121652975,12.069645778241638,11.90177077430957,0
5.829507586734556,12.095660721335651,11.928631898479695,0
5.835723051816135,12.12167837370588,11.955495919399661,0
5.841938516897716,12.14769873640171,11.982362838151882,0
5.848153981979296,12.173721810472854,12.009232655821267,0
5.854369447060876,12.199747596970024,12.036105373492418,0
5.860584912142456,12.22577609694333,12.062980992249685,0
5.8668003772240365,12.251807311444734,12.089859513180542,0
5.873015842305616,12.277841241525186,12.116740937370281,0
5.8792313073871965,12.30387788823756,12.143625265906765,0
5.885446772468776,12.32991725263441,12.170512499877631,0
5.8916622375503565,12.355959335769167,12.197402640372179,0
5.897877702631937,12.382004138694649,12.224295688478604,0
5.904093167713516,12.408051662465587,12.251191645287047,0
5.910308632795097,12.434101908136496,12.278090511887573,0
5.916524097876676,12.460154876762473,12.304992289371688,0
5.922739562958257,12.486210569398864,12.331896978830724,0
5.928955028039837,12.512268987101912,12.358804581357017,0
5.935170493121417,12.538330130928225,12.385715098044033,0
5.941385958202997,12.56439400193416,12.412628529984225,0
5.947601423284577,12.590460601177703,12.439544878272388,0
5.953816888366157,12.616529929716872,12.466464144003371,0
5.960032353447738,12.6426019886094,12.493386328272232,0
5.966247818529317,12.668676778915074,12.520311432175298,0
5.972463283610898,12.694754301692429,12.54723945680856,0
5.978678748692477,12.720834558001968,12.574170403269882,0
5.984894213774058,12.746917548903488,12.601104272656658,0
5.991109678855638,12.773003275458374,12.628041066068269,0
5.997325143937218,12.799091738727437,12.65498078460299,0
6.003540609018798,12.825182939772153,12.681923429359676,0
6.009756074100378,12.851276879655824,12.708869001440593,0
6.015971539181958,12.877373559439867,12.735817501945098,0
6.022187004263539,12.90347298018866,12.762768931975792,0
6.028402469345118,12.929575142964776,12.789723292633543,0
6.034617934426699,12.955680048833155,12.816680585022068,0
6.040833399508278,12.981787698858268,12.843640810244331,0
6.047048864589859,13.007898094105151,12.87060396940453,0
6.053264329671439,13.034011235639456,12.897570063607361,0
6.059479794753019,13.060127124527254,12.924539093957376,0
6.065695259834599,13.086245761834808,12.951511061560458,0
6.071910724916179,13.11236714862951,12.978485967523266,0
6.078126189997759,13.138491285979216,13.005463812952863,0
6.084341655079339,13.16461817495122,13.032444598956106,0
6.090557120160919,13.19074781661429,13.059428326641864,0
6.096772585242499,13.216880212037779,13.086414997118986,0
6.10298805032408,13.243015362290555,13.113404611496142,0
6.109203515405659,13.269153268443123,13.14039717088375,0
6.11541898048724,13.295293931565325,13.16739267639226,0
6.121634445568819,13.321437352728365,13.194391129133024,0
6.1278499106504,13.34758353300364,13.221392530217262,0
6.13406537573198,13.373732473463106,13.248396880757973,0
6.14028084081356,13.39988417517914,13.275404181867707,0
6.14649630589514,13.426038639224702,13.30241443466039,0
6.15271177097672,13.452195866672335,13.329427640249492,0
6.1589272360583,13.47835585859691,13.356443799750215,0
6.165142701139881,13.504518616071973,13.383462914277942,0
6.17135816622146,13.530684140172713,13.410484984947797,0
6.177573631303041,13.55685243197474,13.437510012877457,0
6.18378909638462,13.583023492552924,13.464537999183053,0
6.190004561466201,13.609197322984189,13.49156894498287,0
6.196220026547781,13.635373924345227,13.518602851395201,0
6.202435491629361,13.661553297712882,13.545639719538194,0
6.208650956710941,13.68773544416528,13.572679550531888,0
6.214866421792521,13.713920364780133,13.599722345495596,0
6.221081886874101,13.740108060637134,13.626768105551296,0
6.227297351955682,13.766298532814293,13.653816831819178,0
6.233512817037261,13.792491782391846,13.680868525421232,0
6.239728282118842,13.818687810449722,13.707923187479583,0
6.245943747200421,13.844886618069133,13.73498081911769,0
6.2521592122820016,13.871088206330493,13.76204142145908,0
6.258374677363582,13.897292576315758,13.789104995627062,0
6.2645901424451615,13.923499729107064,13.816171542747496,0
6.270805607526742,13.949709665787076,13.843241063945005,0
6.2770210726083215,13.975922387438683,13.870313560345453,0
6.283236537689902,14.002137895145555,13.897389033075385,0
6.289452002771482,14.02835618999215,13.924467483262129,0
6.295667467853062,14.054577273062188,13.951548912032944,0
6.301882932934642,14.080801145441404,13.978633320516368,0
6.308098398016222,14.107027808215232,14.00572070984103,0
6.314313863097802,14.133257262469417,14.032811081136055,0
6.320529328179383,14.15948950929119,14.059904435531838,0
6.326744793260962,14.185724549766933,14.087000774158339,0
