drone_id,stage,generation,best_score,mean_score
FY1,proximity,0,-0.16372024556042225,-8104.986149766114
FY1,proximity,1,-0.16372024556042225,-3595.1047357812986
FY1,proximity,2,-0.16372024556042225,-1080.2068692564865
FY1,proximity,3,-0.16372024556042225,-275.1908730529802
FY1,proximity,4,-0.16372024556042225,-79.85695555747833
FY1,proximity,5,-0.16372024556042225,-4.391939519559046
FY1,proximity,6,-0.16372024556042225,-3.0790353159397266
FY1,proximity,7,-0.16372024556042225,-1.5808827682744642
FY1,proximity,8,-0.16372024556042225,-1.5808827682744642
FY1,proximity,9,-0.16372024556042225,-1.5808827682744642
FY1,proximity,10,-0.16372024556042225,-1.5808827682744642
FY1,proximity,11,-0.07358453915656346,-1.5650263544269951
FY1,proximity,12,-0.07358453915656346,-1.5650263544269951
FY1,proximity,13,-0.07358453915656346,-1.5650263544269951
FY1,proximity,14,-0.07358453915656346,-1.5650263544269951
FY1,proximity,15,-0.07358453915656346,-1.5650263544269951
FY1,proximity,16,-0.07358453915656346,-1.5650263544269951
FY1,proximity,17,-0.07358453915656346,-1.5650263544269951
FY1,proximity,18,-0.07358453915656346,-1.5650263544269951
FY1,proximity,19,-0.07358453915656346,-1.5650263544269951
FY1,proximity,20,-0.07358453915656346,-1.5650263544269951
FY1,proximity,21,-0.07358453915656346,-1.5650263544269951
FY1,proximity,22,-0.07358453915656346,-1.5650263544269951
FY1,proximity,23,-0.07358453915656346,-1.5650263544269951
FY1,proximity,24,-0.07358453915656346,-1.5650263544269951
FY1,proximity,25,-0.07358453915656346,-1.5650263544269951
FY1,proximity,26,-0.07358453915656346,-1.5501088541879
FY1,proximity,27,-0.07358453915656346,-1.5501088541879
FY1,proximity,28,-0.07358453915656346,-1.5501088541879
FY1,proximity,29,-0.07358453915656346,-1.5501088541879
FY1,proximity,30,-0.07358453915656346,-1.5501088541879
FY1,proximity,31,-0.07358453915656346,-1.5501088541879
FY1,proximity,32,-0.07358453915656346,-1.5501088541879
FY1,proximity,33,-0.07358453915656346,-1.5501088541879
FY1,proximity,34,-0.07358453915656346,-1.5501088541879
FY1,proximity,35,-0.07358453915656346,-1.5501088541879
FY1,proximity,36,-0.07358453915656346,-1.5501088541879
FY1,proximity,37,-0.07358453915656346,-1.5501088541879
FY1,proximity,38,-0.07358453915656346,-1.535191353948805
FY1,proximity,39,-0.07358453915656346,-1.535191353948805
FY1,proximity,40,-0.07358453915656346,-1.535191353948805
FY1,proximity,41,-0.07358453915656346,-1.535191353948805
FY1,proximity,42,-0.07358453915656346,-1.535191353948805
FY1,proximity,43,-0.07358453915656346,-1.535191353948805
FY1,proximity,44,-0.07358453915656346,-1.5214580370035347
FY1,proximity,45,-0.07358453915656346,-1.5214580370035347
FY1,proximity,46,-0.07358453915656346,-1.5214580370035347
FY1,proximity,47,-0.07358453915656346,-1.5214580370035347
FY1,proximity,48,-0.07358453915656346,-1.5214580370035347
FY1,proximity,49,-0.07358453915656346,-1.5214580370035347
FY1,proximity,50,-0.07358453915656346,-1.4800434420402035
FY1,proximity,51,-0.07358453915656346,-1.4800434420402035
FY1,proximity,52,-0.07358453915656346,-1.4800434420402035
FY1,proximity,53,-0.07358453915656346,-1.4800434420402035
FY1,proximity,54,-0.07358453915656346,-1.4672989458119525
FY1,proximity,55,-0.07358453915656346,-1.4672989458119525
FY1,proximity,56,-0.07358453915656346,-1.4672989458119525
FY1,proximity,57,-0.07358453915656346,-1.4672989458119525
FY1,proximity,58,-0.07358453915656346,-1.4473251942675838
FY1,proximity,59,-0.07358453915656346,-1.438514818616693
FY1,proximity,60,-0.07358453915656346,-1.3987329989998205
FY1,proximity,61,-0.07358453915656346,-1.3761469682676832
FY1,proximity,62,-0.07358453915656346,-1.3157383208311237
FY1,proximity,63,-0.07358453915656346,-1.1916580517604374
FY1,proximity,64,-0.07358453915656346,-1.1105003635952093
FY1,proximity,65,-0.07358453915656346,-1.037085493100538
FY1,proximity,66,-0.05243385498103667,-0.9235477442904353
FY1,proximity,67,-0.05243385498103667,-0.8410812154231255
FY1,proximity,68,-0.05243385498103667,-0.7130071120924381
FY1,proximity,69,-0.05243385498103667,-0.6411944525326935
FY1,proximity,70,-0.02984079050170573,-0.5623338665888503
FY1,proximity,71,-0.02984079050170573,-0.4993069247573458
FY1,proximity,72,-0.02984079050170573,-0.3994173080052073
FY1,proximity,73,-0.02984079050170573,-0.3497747745433834
FY1,proximity,74,-0.02984079050170573,-0.32918312652852544
FY1,proximity,75,-0.02984079050170573,-0.30823897064237954
FY1,proximity,76,-0.02984079050170573,-0.27773963904531757
FY1,proximity,77,-0.02984079050170573,-0.24986948041414678
FY1,proximity,78,-0.02984079050170573,-0.24705718398816867
FY1,proximity,79,-0.02984079050170573,-0.22950580174123525
FY1,proximity,80,-0.02984079050170573,-0.22430236361275133
FY1,proximity,81,-0.02984079050170573,-0.21178200633132904
FY1,proximity,82,-0.024375252924191612,-0.19162593400120467
FY1,proximity,83,-0.024375252924191612,-0.1836217196335073
FY1,proximity,84,-0.024375252924191612,-0.17803926922297073
FY1,proximity,85,-0.024375252924191612,-0.17468285616366905
FY1,proximity,86,-0.024375252924191612,-0.16707311686913176
FY1,proximity,87,-0.024375252924191612,-0.16496507035610988
FY1,proximity,88,-0.024375252924191612,-0.15795875930134984
FY1,proximity,89,-0.024375252924191612,-0.15091508551229862
FY1,proximity,90,-0.024375252924191612,-0.14557188338139693
FY1,proximity,91,-0.024375252924191612,-0.1409457295610763
FY1,proximity,92,-0.024375252924191612,-0.1394162422823999
FY1,proximity,93,-0.024375252924191612,-0.13593123084762085
FY1,proximity,94,-0.024375252924191612,-0.13313239621512568
FY1,proximity,95,-0.024375252924191612,-0.13057404831911462
FY1,proximity,96,-0.024375252924191612,-0.1269421390582057
FY1,proximity,97,-0.012057550837401168,-0.12070543226060959
FY1,proximity,98,-0.012057550837401168,-0.11737541764237536
FY1,proximity,99,-0.012057550837401168,-0.11400474912448098
FY1,proximity,100,-0.012057550837401168,-0.10595280099712416
FY1,proximity,101,-0.012057550837401168,-0.10453757221580741
FY1,proximity,102,-0.012057550837401168,-0.10280930291020222
FY1,proximity,103,-0.012057550837401168,-0.09970897494903501
FY1,proximity,104,-0.012057550837401168,-0.09793133762388036
FY1,proximity,105,-0.012057550837401168,-0.09712295292582986
FY1,proximity,106,-0.012057550837401168,-0.09452026319369367
FY1,proximity,107,-0.012057550837401168,-0.0929278597546626
FY1,proximity,108,-0.012057550837401168,-0.09025302603176194
FY1,proximity,109,-0.012057550837401168,-0.08659753363380608
FY1,proximity,110,-0.012057550837401168,-0.0833029247074384
FY1,proximity,111,-0.012057550837401168,-0.08082282944042246
FY1,proximity,112,-0.012057550837401168,-0.08044689147690821
FY1,proximity,113,-0.012057550837401168,-0.07678353429496139
FY1,proximity,114,-0.012057550837401168,-0.07364439686578504
FY1,proximity,115,-0.012057550837401168,-0.07260157208724666
FY1,proximity,116,-0.012057550837401168,-0.07000195815675259
FY1,proximity,117,-0.012057550837401168,-0.06978362567013466
FY1,proximity,118,-0.012057550837401168,-0.06915429364606487
FY1,proximity,119,-0.012057550837401168,-0.06893922228443024
FY1,proximity,120,-0.012057550837401168,-0.06773461129255258
FY1,proximity,121,-0.012057550837401168,-0.06550420517665119
FY1,proximity,122,-0.012057550837401168,-0.0651357220994186
FY1,proximity,123,-0.012057550837401168,-0.06440395299035162
FY1,proximity,124,-0.007888912765790923,-0.0635259716393974
FY1,proximity,125,-0.007888912765790923,-0.06217483874816262
FY1,proximity,126,-0.007888912765790923,-0.06005807473502689
FY1,proximity,127,-0.007888912765790923,-0.057628815876861694
FY1,proximity,128,-0.007888912765790923,-0.057447476723890646
FY1,proximity,129,-0.007888912765790923,-0.057248122796989154
FY1,proximity,130,-0.007888912765790923,-0.055371555164689064
FY1,proximity,131,-0.007888912765790923,-0.053397175664199235
FY1,proximity,132,-0.007888912765790923,-0.05176040570410039
FY1,proximity,133,-0.004551607230949755,-0.049475830217777406
FY1,proximity,134,-0.004551607230949755,-0.04748306764424124
FY1,proximity,135,-0.004551607230949755,-0.045608592662797154
FY1,proximity,136,-0.004551607230949755,-0.044726775043019786
FY1,proximity,137,-0.004551607230949755,-0.043462067321900756
FY1,proximity,138,-0.004551607230949755,-0.04062494157229549
FY1,proximity,139,-0.004551607230949755,-0.04018876410435255
FY1,proximity,140,-0.004551607230949755,-0.039644300818060724
FY1,proximity,141,-0.004551607230949755,-0.038212472833226235
FY1,proximity,142,-0.004551607230949755,-0.037555257363421364
FY1,proximity,143,-0.004551607230949755,-0.036001885794513626
FY1,proximity,144,-0.004551607230949755,-0.03447994600920291
FY1,proximity,145,-0.004551607230949755,-0.033231566076232406
FY1,proximity,146,-0.004551607230949755,-0.03307270419665189
FY1,proximity,147,-0.004551607230949755,-0.03238243987213211
FY1,proximity,148,-0.004551607230949755,-0.031576626336216024
FY1,proximity,149,-0.004551607230949755,-0.030965386778609716
FY1,proximity,150,-0.004378206185189294,-0.030229161868507787
FY1,duration_proxy,0,4.64294076113344,0.5771584990318973
FY1,duration_proxy,1,4.64294076113344,1.1002340839140674
FY1,duration_proxy,2,4.64294076113344,1.8227952477417446
FY1,duration_proxy,3,4.64294076113344,2.3533736925795217
FY1,duration_proxy,4,4.800747017344682,2.642389153076626
FY1,duration_proxy,5,4.800747017344682,2.836054967864196
FY1,duration_proxy,6,4.800747017344682,2.984704134984216
FY1,duration_proxy,7,4.800747017344682,3.06698944119411
FY1,duration_proxy,8,4.800747017344682,3.1467643880802214
FY1,duration_proxy,9,4.800747017344682,3.2073218865024447
FY1,duration_proxy,10,4.800747017344682,3.2698880435073847
FY1,duration_proxy,11,4.800747017344682,3.3217092657356844
FY1,duration_proxy,12,4.800747017344682,3.4328995132405304
FY1,duration_proxy,13,4.800747017344682,3.4958684384914114
FY1,duration_proxy,14,4.800747017344682,3.5842786668420925
FY1,duration_proxy,15,4.800747017344682,3.643051139656533
FY1,duration_proxy,16,4.800747017344682,3.731068204649135
FY1,duration_proxy,17,4.800747017344682,3.8286345538263853
FY1,duration_proxy,18,4.800747017344682,3.8915682669761056
FY1,duration_proxy,19,4.800747017344682,3.9590318229627814
FY1,duration_proxy,20,4.800747017344682,4.009799227804803
FY1,duration_proxy,21,4.800747017344682,4.02722272736084
FY1,duration_proxy,22,4.800747017344682,4.075769102675609
FY1,duration_proxy,23,4.800747017344682,4.120247659795758
FY1,duration_proxy,24,4.800747017344682,4.136484652841235
FY1,duration_proxy,25,4.800747017344682,4.197422551169265
FY1,duration_proxy,26,4.800747017344682,4.2391467711108035
FY1,duration_proxy,27,4.800747017344682,4.278471886560639
FY1,duration_proxy,28,4.806514690253083,4.3462222491009035
FY1,duration_proxy,29,4.806514690253083,4.396315294641819
FY1,duration_proxy,30,4.806514690253083,4.4366831130860245
FY1,duration_proxy,31,4.806514690253083,4.510933759266836
FY1,duration_proxy,32,4.806514690253083,4.56500977203106
FY1,duration_proxy,33,4.806514690253083,4.6177365733449784
FY1,duration_proxy,34,4.806514690253083,4.664607437458446
FY1,duration_proxy,35,4.807475064533213,4.697521561412848
FY1,duration_proxy,36,4.807475064533213,4.7216568100699465
FY1,duration_proxy,37,4.807475064533213,4.741448769066116
FY1,duration_proxy,38,4.807475064533213,4.748753352599109
FY1,duration_proxy,39,4.826468167473456,4.7600668559392245
FY1,duration_proxy,40,4.826468167473456,4.77127160274461
FY1,duration_proxy,41,4.826468167473456,4.778428434098016
FY1,duration_proxy,42,4.826468167473456,4.783200459320489
FY1,duration_proxy,43,4.826468167473456,4.78672765407927
FY1,duration_proxy,44,4.826468167473456,4.789190005986506
FY1,duration_proxy,45,4.826468167473456,4.792585607477359
FY1,duration_proxy,46,4.826468167473456,4.7966926053512955
FY1,duration_proxy,47,4.826468167473456,4.798945035271097
FY1,duration_proxy,48,4.828329101547619,4.801151991933883
FY1,duration_proxy,49,4.828329101547619,4.803507372690985
FY1,duration_proxy,50,4.828329101547619,4.805586898967048
FY1,duration_proxy,51,4.828329101547619,4.808549967311076
FY1,duration_proxy,52,4.828329101547619,4.81047161577053
FY1,duration_proxy,53,4.829786022844042,4.812424215992533
FY1,duration_proxy,54,4.829786022844042,4.814264696500023
FY1,duration_proxy,55,4.830452077041273,4.815180367644423
FY1,duration_proxy,56,4.830452077041273,4.816487790055489
FY1,duration_proxy,57,4.830452077041273,4.817801458397804
FY1,duration_proxy,58,4.830452077041273,4.818813953612592
FY1,duration_proxy,59,4.830452077041273,4.819488260885443
FY1,duration_proxy,60,4.830452077041273,4.820272956486968
FY1,duration_proxy,61,4.830452077041273,4.820646055193243
FY1,duration_proxy,62,4.830452077041273,4.8211628827625495
FY1,duration_proxy,63,4.830452077041273,4.821548396471046
FY1,duration_proxy,64,4.830452077041273,4.82254887180972
FY1,duration_proxy,65,4.830452077041273,4.822999135508304
FY1,duration_proxy,66,4.830452077041273,4.823385109880722
FY1,duration_proxy,67,4.830452077041273,4.823961561935806
FY1,duration_proxy,68,4.830452077041273,4.824346206617534
FY1,duration_proxy,69,4.830452077041273,4.824767810570742
FY1,duration_proxy,70,4.830939707693933,4.825277319037006
FY1,duration_proxy,71,4.830939707693933,4.825536562561571
FY1,duration_proxy,72,4.830939707693933,4.825927510964576
FY1,duration_proxy,73,4.830939707693933,4.826234269842922
FY1,duration_proxy,74,4.830939707693933,4.826493469569914
FY1,duration_proxy,75,4.830939707693933,4.826801334103983
FY1,duration_proxy,76,4.830939707693933,4.827106540956486
FY1,duration_proxy,77,4.830939707693933,4.827237762424348
FY1,duration_proxy,78,4.830939707693933,4.827399568812103
FY1,duration_proxy,79,4.831790926169294,4.827761208454291
FY1,duration_proxy,80,4.831797340914934,4.828126469512782
FY1,duration_proxy,81,4.831797340914934,4.828388295814371
FY1,duration_proxy,82,4.831946595251995,4.828653174271229
FY1,duration_proxy,83,4.831946595251995,4.828875956766233
FY1,duration_proxy,84,4.831946595251995,4.82906127267493
FY1,duration_proxy,85,4.831946595251995,4.829235384153908
FY1,duration_proxy,86,4.831946595251995,4.829482824815001
FY1,duration_proxy,87,4.831946595251995,4.8296783306572975
FY1,duration_proxy,88,4.831946595251995,4.829812934749308
FY1,duration_proxy,89,4.831946595251995,4.829962835452203
FY1,duration_proxy,90,4.831946595251995,4.830063541029138
FY1,duration_proxy,91,4.831946595251995,4.830181016407089
FY1,duration_proxy,92,4.831946595251995,4.830270783394723
FY1,duration_proxy,93,4.831946595251995,4.830385028194164
FY1,duration_proxy,94,4.832049782820515,4.83046271713082
FY1,duration_proxy,95,4.832049782820515,4.830622737919378
FY1,duration_proxy,96,4.832049782820515,4.830726967074656
FY1,duration_proxy,97,4.832049782820515,4.830836707652609
FY1,duration_proxy,98,4.832049782820515,4.830923894494231
FY1,duration_proxy,99,4.832049782820515,4.830982158790336
FY1,duration_proxy,100,4.832061987909629,4.831067454441704
FY1,duration_proxy,101,4.832061987909629,4.831139719015182
FY1,duration_proxy,102,4.832061987909629,4.831184742259302
FY1,duration_proxy,103,4.832061987909629,4.831250690585918
FY1,duration_proxy,104,4.832061987909629,4.831331836340141
FY1,duration_proxy,105,4.832061987909629,4.831383991281528
FY1,duration_proxy,106,4.832061987909629,4.831419921785025
FY1,duration_proxy,107,4.8320757909924135,4.831486587189093
FY1,duration_proxy,108,4.8320757909924135,4.831503062217152
FY1,duration_proxy,109,4.832144846680427,4.831557053444079
FY1,duration_proxy,110,4.832144846680427,4.831573529949837
FY1,duration_proxy,111,4.832144846680427,4.831604258202688
FY1,duration_proxy,112,4.832290205920077,4.831656000212216
FY1,duration_proxy,113,4.832290205920077,4.831682530265613
FY1,duration_proxy,114,4.832290205920077,4.831721892760454
FY1,duration_proxy,115,4.832290205920077,4.831786276561295
FY1,duration_proxy,116,4.832290205920077,4.831800644067266
FY1,duration_proxy,117,4.832290205920077,4.831841533713264
FY1,duration_proxy,118,4.832290205920077,4.831862242166387
FY1,duration_proxy,119,4.832290205920077,4.831928643886035
FY1,duration_proxy,120,4.8323305529368685,4.831957977377703
FY1,duration_proxy,121,4.832395610198194,4.831999981896465
FY1,duration_proxy,122,4.832395610198194,4.832038314695088
FY1,duration_proxy,123,4.832395610198194,4.83205541458606
FY1,duration_proxy,124,4.832400788007369,4.832080995151117
FY1,duration_proxy,125,4.832400788007369,4.832100291384312
FY1,duration_proxy,126,4.832400788007369,4.83213049173263
FY1,duration_proxy,127,4.832400788007369,4.83214976121399
FY1,duration_proxy,128,4.832400788007369,4.8321685323389065
FY1,duration_proxy,129,4.832428830042405,4.832190714763635
FY1,duration_proxy,130,4.832428830042405,4.832215005671287
FY1,duration_proxy,131,4.832428830042405,4.832224723821284
FY1,duration_proxy,132,4.832436032447846,4.832244803640149
FY1,duration_proxy,133,4.832452228930741,4.832265372615652
FY1,duration_proxy,134,4.832452228930741,4.832284418852471
FY1,duration_proxy,135,4.832452228930741,4.83230122398813
FY1,duration_proxy,136,4.8324693602310775,4.832313880661742
FY1,duration_proxy,137,4.8324693602310775,4.832326180527249
FY1,duration_proxy,138,4.8324693602310775,4.83233955347208
FY1,duration_proxy,139,4.8324693602310775,4.832352797394555
FY1,duration_proxy,140,4.83247310939769,4.832359368193512
FY1,duration_proxy,141,4.83247310939769,4.832369420956204
FY1,duration_proxy,142,4.83247310939769,4.832374109637203
FY1,duration_proxy,143,4.83247310939769,4.8323859182139355
FY1,duration_proxy,144,4.83247310939769,4.832392770087675
FY1,duration_proxy,145,4.83247310939769,4.832396536052802
FY1,duration_proxy,146,4.83247310939769,4.83239829498757
FY1,duration_proxy,147,4.83247310939769,4.832402096100247
FY1,duration_proxy,148,4.83247310939769,4.832406901781064
FY1,duration_proxy,149,4.83247310939769,4.832414430134659
FY1,duration_proxy,150,4.83247310939769,4.832417131803171
FY1,duration_proxy,151,4.83247310939769,4.832421110784021
FY1,duration_proxy,152,4.832483216958417,4.832425978409162
FY1,duration_proxy,153,4.832483216958417,4.8324301422359515
FY1,duration_proxy,154,4.832483216958417,4.832432459549501
FY1,duration_proxy,155,4.832483216958417,4.832437092410253
FY1,duration_proxy,156,4.832485767752841,4.832440833732917
FY1,duration_proxy,157,4.832485767752841,4.832443883725598
FY1,duration_proxy,158,4.832485767752841,4.832446957759795
FY1,duration_proxy,159,4.832485767752841,4.832449396383761
FY1,duration_proxy,160,4.832485767752841,4.832452295029187
FY1,duration_proxy,161,4.832485767752841,4.8324534789432665
FY1,duration_proxy,162,4.832485767752841,4.832456221685268
FY1,duration_proxy,163,4.832487863044252,4.832459858287712
FY1,duration_proxy,164,4.832487863044252,4.832461202047623
FY1,duration_proxy,165,4.832487863044252,4.832463223948743
FY1,duration_proxy,166,4.832487863044252,4.832464497144699
FY1,duration_proxy,167,4.832491118898271,4.832466635199481
FY1,duration_proxy,168,4.832491118898271,4.832468541258396
FY1,duration_proxy,169,4.832491118898271,4.832470020831737
FY1,duration_proxy,170,4.832491118898271,4.832471854655817
FY1,duration_proxy,171,4.832491118898271,4.832474074909824
FY1,duration_proxy,172,4.832491118898271,4.832475161394949
FY1,duration_proxy,173,4.83249366315452,4.83247661046501
FY1,duration_proxy,174,4.83249366315452,4.832477293653326
FY1,duration_proxy,175,4.83249366315452,4.8324780403897085
FY1,duration_proxy,176,4.83249366315452,4.832478556880524
FY1,duration_proxy,177,4.83249366315452,4.832479573609864
FY1,duration_proxy,178,4.83249366315452,4.832480678334278
FY1,duration_proxy,179,4.83249366315452,4.832481506089853
FY1,duration_proxy,180,4.83249366315452,4.832482493470841
FY1,duration_proxy,181,4.83249366315452,4.832483578500281
FY1,duration_proxy,182,4.83249366315452,4.832484323488667
FY1,duration_proxy,183,4.83249366315452,4.832484821274635
FY1,duration_proxy,184,4.83249366315452,4.832485202408823
FY1,duration_proxy,185,4.8324951629271435,4.8324857286716405
FY1,duration_proxy,186,4.8324951629271435,4.832486504090761
FY1,duration_proxy,187,4.8324951629271435,4.832487075296849
FY1,duration_proxy,188,4.8324951629271435,4.832487425070207
FY1,duration_proxy,189,4.8324951629271435,4.832487951446515
FY1,duration_proxy,190,4.8324951629271435,4.832488279935349
FY2,proximity,0,-0.19380433149741855,-4737.8471276261
FY2,proximity,1,-0.19380433149741855,-2089.9988991612986
FY2,proximity,2,-0.19380433149741855,-1260.0032852810893
FY2,proximity,3,-0.19380433149741855,-909.0665684205751
FY2,proximity,4,-0.19380433149741855,-762.0923651143072
FY2,proximity,5,-0.19380433149741855,-634.946316517091
FY2,proximity,6,-0.19380433149741855,-518.5237302686959
FY2,proximity,7,-0.19380433149741855,-446.09624237707163
FY2,proximity,8,-0.19380433149741855,-394.02373263384817
FY2,proximity,9,-0.19380433149741855,-346.09104116128833
FY2,proximity,10,-0.19380433149741855,-283.8114148916796
FY2,proximity,11,-0.19380433149741855,-239.95622078406404
FY2,proximity,12,-0.19380433149741855,-223.94193350395062
FY2,proximity,13,-0.19380433149741855,-202.01405900565308
FY2,proximity,14,-0.19380433149741855,-175.84052704072027
FY2,proximity,15,-0.19380433149741855,-145.27616680348947
FY2,proximity,16,-0.19380433149741855,-123.24033426519249
FY2,proximity,17,-0.19380433149741855,-116.93669454794268
FY2,proximity,18,-0.19380433149741855,-107.0769769754858
FY2,proximity,19,-0.19380433149741855,-101.12858462337768
FY2,proximity,20,-0.19380433149741855,-97.63134425788132
FY2,proximity,21,-0.19380433149741855,-90.88515463470343
FY2,proximity,22,-0.19380433149741855,-88.10718854230792
FY2,proximity,23,-0.19380433149741855,-81.33182174917364
FY2,proximity,24,-0.19380433149741855,-79.24884701094895
FY2,proximity,25,-0.19380433149741855,-76.01284214792543
FY2,proximity,26,-0.19380433149741855,-74.51226906775055
FY2,proximity,27,-0.19380433149741855,-71.67655870582429
FY2,proximity,28,-0.19380433149741855,-69.27519726473976
FY2,proximity,29,-0.19380433149741855,-66.00023059299748
FY2,proximity,30,-0.19380433149741855,-65.10635647806573
FY2,proximity,31,-0.19380433149741855,-62.817197355749386
FY2,proximity,32,-0.19380433149741855,-61.39384623805449
FY2,proximity,33,-0.19380433149741855,-58.49348421583999
FY2,proximity,34,-0.19380433149741855,-54.19550241343438
FY2,proximity,35,-0.19380433149741855,-53.31036813045163
FY2,proximity,36,-0.19380433149741855,-51.11081728926583
FY2,proximity,37,-0.19380433149741855,-48.77442081709919
FY2,proximity,38,-0.19380433149741855,-46.551996511014295
FY2,proximity,39,-0.19380433149741855,-44.98746243221519
FY2,proximity,40,-0.19380433149741855,-44.11878770653066
FY2,proximity,41,-0.19380433149741855,-42.47104942811881
FY2,proximity,42,-0.19380433149741855,-39.33465669065098
FY2,proximity,43,-0.19380433149741855,-37.1897479585573
FY2,proximity,44,-0.19380433149741855,-35.86490197497742
FY2,proximity,45,-0.19380433149741855,-34.67451169309428
FY2,proximity,46,-0.19380433149741855,-32.154275939661865
FY2,proximity,47,-0.19380433149741855,-31.376156975666774
FY2,proximity,48,-0.19380433149741855,-29.36605843485709
FY2,proximity,49,-0.19380433149741855,-27.834449608705032
FY2,proximity,50,-0.19380433149741855,-27.008668337491684
FY2,proximity,51,-0.19380433149741855,-26.059733639683767
FY2,proximity,52,-0.19380433149741855,-24.692478832938537
FY2,proximity,53,-0.19380433149741855,-24.418910074019802
FY2,proximity,54,-0.19380433149741855,-23.564820735657122
FY2,proximity,55,-0.19380433149741855,-22.276703239896293
FY2,proximity,56,-0.19380433149741855,-20.557281306610875
FY2,proximity,57,-0.19380433149741855,-19.818469200716844
FY2,proximity,58,-0.19380433149741855,-19.653648557640647
FY2,proximity,59,-0.19380433149741855,-18.500300433046093
FY2,proximity,60,-0.19380433149741855,-17.898315566971917
FY2,proximity,61,-0.19380433149741855,-17.586702343444042
FY2,proximity,62,-0.19380433149741855,-17.013904160016708
FY2,proximity,63,-0.19380433149741855,-16.35990860609034
FY2,proximity,64,-0.19380433149741855,-16.22374783476289
FY2,proximity,65,-0.19380433149741855,-15.804157177151522
FY2,proximity,66,-0.19380433149741855,-15.619721543400372
FY2,proximity,67,-0.19380433149741855,-14.929704401827577
FY2,proximity,68,-0.19380433149741855,-14.775859513414709
FY2,proximity,69,-0.19380433149741855,-14.384884078193345
FY2,proximity,70,-0.19380433149741855,-14.104992099692574
FY2,proximity,71,-0.19380433149741855,-13.464952536794863
FY2,proximity,72,-0.19380433149741855,-13.042293940106758
FY2,proximity,73,-0.19380433149741855,-12.35860096378138
FY2,proximity,74,-0.19380433149741855,-12.107846665530303
FY2,proximity,75,-0.19380433149741855,-11.501520051345954
FY2,proximity,76,-0.19380433149741855,-11.368079714437902
FY2,proximity,77,-0.19380433149741855,-11.336074322556124
FY2,proximity,78,-0.19380433149741855,-11.271552049166525
FY2,proximity,79,-0.11706002083666601,-10.944538957940217
FY2,proximity,80,-0.11706002083666601,-10.568279349934883
FY2,proximity,81,-0.11706002083666601,-9.686516783077211
FY2,proximity,82,-0.11706002083666601,-9.213345747917918
FY2,proximity,83,-0.11706002083666601,-8.981993631400915
FY2,proximity,84,-0.11706002083666601,-8.870283884663781
FY2,proximity,85,-0.11706002083666601,-8.673098900940282
FY2,proximity,86,-0.11706002083666601,-8.188112498421814
FY2,proximity,87,-0.11706002083666601,-7.917916305646578
FY2,proximity,88,-0.11706002083666601,-7.829007702613261
FY2,proximity,89,-0.11706002083666601,-7.7092725963871525
FY2,proximity,90,-0.11706002083666601,-7.445249949372787
FY2,proximity,91,-0.11706002083666601,-7.053684537002589
FY2,proximity,92,-0.11706002083666601,-6.941062282351381
FY2,proximity,93,-0.11706002083666601,-6.941062282351381
FY2,proximity,94,-0.11706002083666601,-6.884527252194353
FY2,proximity,95,-0.11706002083666601,-6.613079663551905
FY2,proximity,96,-0.11706002083666601,-6.5861028397927655
FY2,proximity,97,-0.11706002083666601,-6.4675528769514345
FY2,proximity,98,-0.11706002083666601,-5.991131680452306
FY2,proximity,99,-0.11706002083666601,-5.991131680452306
FY2,proximity,100,-0.0710100702480772,-5.870027060872886
FY2,proximity,101,-0.0710100702480772,-5.870027060872886
FY2,proximity,102,-0.0710100702480772,-5.870027060872886
FY2,proximity,103,-0.0710100702480772,-5.794429986176095
FY2,proximity,104,-0.0710100702480772,-5.627116091146722
FY2,proximity,105,-0.0710100702480772,-5.47452342670563
FY2,proximity,106,-0.0710100702480772,-5.367081543901302
FY2,proximity,107,-0.0710100702480772,-5.190526569203587
FY2,proximity,108,-0.0710100702480772,-5.153481686464018
FY2,proximity,109,-0.0710100702480772,-5.143198842038392
FY2,proximity,110,-0.0710100702480772,-5.101623366836244
FY2,proximity,111,-0.0710100702480772,-5.101623366836244
FY2,proximity,112,-0.0710100702480772,-5.06089952456209
FY2,proximity,113,-0.0710100702480772,-5.06089952456209
FY2,proximity,114,-0.0710100702480772,-5.042441585859642
FY2,proximity,115,-0.0710100702480772,-4.995517497921516
FY2,proximity,116,-0.0710100702480772,-4.761334210260215
FY2,proximity,117,-0.0710100702480772,-4.696590796833137
FY2,proximity,118,-0.0710100702480772,-4.696590796833137
FY2,proximity,119,-0.0710100702480772,-4.6291160250242305
FY2,proximity,120,-0.0710100702480772,-4.498459290570486
FY2,proximity,121,-0.0710100702480772,-4.454633857916473
FY2,proximity,122,-0.0710100702480772,-4.191854313400421
FY2,proximity,123,-0.0710100702480772,-4.0830119852452755
FY2,proximity,124,-0.0710100702480772,-4.0830119852452755
FY2,proximity,125,-0.0710100702480772,-4.07302495909962
FY2,proximity,126,-0.0710100702480772,-4.012368697962336
FY2,proximity,127,-0.0710100702480772,-3.935206741647671
FY2,proximity,128,-0.0641087797423821,-3.9017950890041124
FY2,proximity,129,-0.0641087797423821,-3.9017950890041124
FY2,proximity,130,-0.0641087797423821,-3.857407053201303
FY2,proximity,131,-0.0641087797423821,-3.7904849775960545
FY2,proximity,132,-0.0641087797423821,-3.4800884806716588
FY2,proximity,133,-0.0641087797423821,-3.430508336806455
FY2,proximity,134,-0.0641087797423821,-3.4182605340147227
FY2,proximity,135,-0.0641087797423821,-3.376186821462665
FY2,proximity,136,-0.0641087797423821,-3.3682389975788722
FY2,proximity,137,-0.0641087797423821,-3.334221274639217
FY2,proximity,138,-0.0641087797423821,-3.3139162082723197
FY2,proximity,139,-0.0641087797423821,-3.3139162082723197
FY2,proximity,140,-0.0641087797423821,-3.283392454374161
FY2,proximity,141,-0.0641087797423821,-3.283392454374161
FY2,proximity,142,-0.0641087797423821,-3.2613404136169293
FY2,proximity,143,-0.0641087797423821,-3.2166321003223737
FY2,proximity,144,-0.007183455020981074,-3.142599592402614
FY2,proximity,145,-0.007183455020981074,-3.1424332971382363
FY2,proximity,146,-0.007183455020981074,-3.055996055411381
FY2,proximity,147,-0.007183455020981074,-2.9347294238752117
FY2,proximity,148,-0.007183455020981074,-2.9192882553247053
FY2,proximity,149,-0.007183455020981074,-2.804640152499214
FY2,proximity,150,-0.007183455020981074,-2.782511406092526
FY2,duration_proxy,0,4.824233544516122,0.8699313257900666
FY2,duration_proxy,1,4.824233544516122,0.8699313257900666
FY2,duration_proxy,2,4.824233544516122,0.8699313257900666
FY2,duration_proxy,3,4.824233544516122,0.8699313257900666
FY2,duration_proxy,4,4.824233544516122,0.8699313257900666
FY2,duration_proxy,5,4.824233544516122,0.8699313257900666
FY2,duration_proxy,6,4.824233544516122,0.8699313257900666
FY2,duration_proxy,7,4.824233544516122,0.8699313257900666
FY2,duration_proxy,8,4.824233544516122,0.8699313257900666
FY2,duration_proxy,9,4.824233544516122,0.8699313257900666
FY2,duration_proxy,10,4.824233544516122,0.8699313257900666
FY2,duration_proxy,11,4.824233544516122,0.8699313257900666
FY2,duration_proxy,12,4.824233544516122,0.8699313257900666
FY2,duration_proxy,13,4.824233544516122,0.8699313257900666
FY2,duration_proxy,14,4.824233544516122,0.8861713038856281
FY2,duration_proxy,15,4.824233544516122,0.8861713038856281
FY2,duration_proxy,16,4.824233544516122,0.8861713038856281
FY2,duration_proxy,17,4.824233544516122,0.8861713038856281
FY2,duration_proxy,18,4.824233544516122,0.8861713038856281
FY2,duration_proxy,19,4.824233544516122,0.8861713038856281
FY2,duration_proxy,20,4.824233544516122,0.8861713038856281
FY2,duration_proxy,21,4.824233544516122,0.8861713038856281
FY2,duration_proxy,22,4.824233544516122,0.8861713038856281
FY2,duration_proxy,23,4.824233544516122,0.8861713038856281
FY2,duration_proxy,24,4.824233544516122,0.8861713038856281
FY2,duration_proxy,25,4.824233544516122,0.8861713038856281
FY2,duration_proxy,26,4.824233544516122,0.8861713038856281
FY2,duration_proxy,27,4.824233544516122,0.8861713038856281
FY2,duration_proxy,28,4.824233544516122,0.8861713038856281
FY2,duration_proxy,29,4.824233544516122,0.8861713038856281
FY2,duration_proxy,30,4.824233544516122,0.8861713038856281
FY2,duration_proxy,31,4.824233544516122,0.8861713038856281
FY2,duration_proxy,32,4.824233544516122,0.8861713038856281
FY2,duration_proxy,33,4.824233544516122,0.906490166861758
FY2,duration_proxy,34,4.824233544516122,0.906490166861758
FY2,duration_proxy,35,4.824233544516122,0.906490166861758
FY2,duration_proxy,36,4.824233544516122,0.906490166861758
FY2,duration_proxy,37,4.824233544516122,0.906490166861758
FY2,duration_proxy,38,4.824233544516122,0.906490166861758
FY2,duration_proxy,39,4.824233544516122,0.906490166861758
FY2,duration_proxy,40,4.824233544516122,0.906490166861758
FY2,duration_proxy,41,4.824233544516122,0.906490166861758
FY2,duration_proxy,42,4.824233544516122,0.906490166861758
FY2,duration_proxy,43,4.824233544516122,0.906490166861758
FY2,duration_proxy,44,4.824233544516122,0.906490166861758
FY2,duration_proxy,45,4.824233544516122,0.9302955888523907
FY2,duration_proxy,46,4.824233544516122,0.9302955888523907
FY2,duration_proxy,47,4.824233544516122,0.9302955888523907
FY2,duration_proxy,48,4.824233544516122,0.9302955888523907
FY2,duration_proxy,49,4.824233544516122,0.9302955888523907
FY2,duration_proxy,50,4.824233544516122,0.9302955888523907
FY2,duration_proxy,51,4.824233544516122,0.9302955888523907
FY2,duration_proxy,52,4.824233544516122,0.9302955888523907
FY2,duration_proxy,53,4.824233544516122,0.9302955888523907
FY2,duration_proxy,54,4.824233544516122,0.9302955888523907
FY2,duration_proxy,55,4.824233544516122,0.9302955888523907
FY2,duration_proxy,56,4.824233544516122,0.9302955888523907
FY2,duration_proxy,57,4.824233544516122,0.9302955888523907
FY2,duration_proxy,58,4.824233544516122,0.9302955888523907
FY2,duration_proxy,59,4.824233544516122,0.9302955888523907
FY2,duration_proxy,60,4.824233544516122,0.9302955888523907
FY2,duration_proxy,61,4.824233544516122,0.9302955888523907
FY2,duration_proxy,62,4.824233544516122,0.9302955888523907
FY2,duration_proxy,63,4.824233544516122,0.9302955888523907
FY2,duration_proxy,64,4.824233544516122,0.9404233813388773
FY2,duration_proxy,65,4.824233544516122,0.9404233813388773
FY2,duration_proxy,66,4.824233544516122,0.9686851365686937
FY2,duration_proxy,67,4.824233544516122,0.9686851365686937
FY2,duration_proxy,68,4.824233544516122,0.9686851365686937
FY2,duration_proxy,69,4.824233544516122,0.9808688804819555
FY2,duration_proxy,70,4.824233544516122,0.9808688804819555
FY2,duration_proxy,71,4.824233544516122,0.9808688804819555
FY2,duration_proxy,72,4.824233544516122,0.9808688804819555
FY2,duration_proxy,73,4.824233544516122,0.9808688804819555
FY2,duration_proxy,74,4.824233544516122,1.0136058592109074
FY2,duration_proxy,75,4.824233544516122,1.0136058592109074
FY2,duration_proxy,76,4.824233544516122,1.0136058592109074
FY2,duration_proxy,77,4.824233544516122,1.0136058592109074
FY2,duration_proxy,78,4.824233544516122,1.0136058592109074
FY2,duration_proxy,79,4.824233544516122,1.0136058592109074
FY2,duration_proxy,80,4.824233544516122,1.0136058592109074
FY2,duration_proxy,81,4.824233544516122,1.0136058592109074
FY2,duration_proxy,82,4.824233544516122,1.0167066772855926
FY2,duration_proxy,83,4.824233544516122,1.0167066772855926
FY2,duration_proxy,84,4.824233544516122,1.0167066772855926
FY2,duration_proxy,85,4.824233544516122,1.0167066772855926
FY2,duration_proxy,86,4.824233544516122,1.0167066772855926
FY2,duration_proxy,87,4.824233544516122,1.0167066772855926
FY2,duration_proxy,88,4.824233544516122,1.0167066772855926
FY2,duration_proxy,89,4.824233544516122,1.0167066772855926
FY2,duration_proxy,90,4.824233544516122,1.0167066772855926
FY2,duration_proxy,91,4.824233544516122,1.0167066772855926
FY2,duration_proxy,92,4.824233544516122,1.0167066772855926
FY2,duration_proxy,93,4.824233544516122,1.0167066772855926
FY2,duration_proxy,94,4.824233544516122,1.0167066772855926
FY2,duration_proxy,95,4.824233544516122,1.0167066772855926
FY2,duration_proxy,96,4.824233544516122,1.0167066772855926
FY2,duration_proxy,97,4.867849435195421,1.0798682482910575
FY2,duration_proxy,98,4.867849435195421,1.0798682482910575
FY2,duration_proxy,99,4.867849435195421,1.0798682482910575
FY2,duration_proxy,100,4.867849435195421,1.0798682482910575
FY2,duration_proxy,101,4.867849435195421,1.1212281317243453
FY2,duration_proxy,102,4.867849435195421,1.144160964882054
FY2,duration_proxy,103,4.867849435195421,1.144160964882054
FY2,duration_proxy,104,4.867849435195421,1.144160964882054
FY2,duration_proxy,105,4.867849435195421,1.144160964882054
FY2,duration_proxy,106,4.867849435195421,1.144160964882054
FY2,duration_proxy,107,4.867849435195421,1.1596089166925256
FY2,duration_proxy,108,4.867849435195421,1.1596089166925256
FY2,duration_proxy,109,4.867849435195421,1.1596089166925256
FY2,duration_proxy,110,4.867849435195421,1.1596089166925256
FY2,duration_proxy,111,4.867849435195421,1.1596089166925256
FY2,duration_proxy,112,4.867849435195421,1.1596089166925256
FY2,duration_proxy,113,4.867849435195421,1.1596089166925256
FY2,duration_proxy,114,4.867849435195421,1.1596089166925256
FY2,duration_proxy,115,4.867849435195421,1.1596089166925256
FY2,duration_proxy,116,4.867849435195421,1.1596089166925256
FY2,duration_proxy,117,4.867849435195421,1.1596089166925256
FY2,duration_proxy,118,4.867849435195421,1.1596089166925256
FY2,duration_proxy,119,4.867849435195421,1.1596089166925256
FY2,duration_proxy,120,4.867849435195421,1.1596089166925256
FY2,duration_proxy,121,4.867849435195421,1.1790367373581367
FY2,duration_proxy,122,4.867849435195421,1.1790367373581367
FY2,duration_proxy,123,4.867849435195421,1.1863291545146326
FY2,duration_proxy,124,4.867849435195421,1.1863291545146326
FY2,duration_proxy,125,4.867849435195421,1.2263727619215907
FY2,duration_proxy,126,4.867849435195421,1.2263727619215907
FY2,duration_proxy,127,4.867849435195421,1.2263727619215907
FY2,duration_proxy,128,4.867849435195421,1.2263727619215907
FY2,duration_proxy,129,4.867849435195421,1.2263727619215907
FY2,duration_proxy,130,4.867849435195421,1.2263727619215907
FY2,duration_proxy,131,4.867849435195421,1.2264851412936142
FY2,duration_proxy,132,4.867849435195421,1.2609129564731465
FY2,duration_proxy,133,4.867849435195421,1.2609129564731465
FY2,duration_proxy,134,4.867849435195421,1.2609129564731465
FY2,duration_proxy,135,4.867849435195421,1.3335226554769142
FY2,duration_proxy,136,4.867849435195421,1.3335226554769142
FY2,duration_proxy,137,4.867849435195421,1.3335226554769142
FY2,duration_proxy,138,4.867849435195421,1.3335226554769142
FY2,duration_proxy,139,4.867849435195421,1.3631877240817631
FY2,duration_proxy,140,4.867849435195421,1.3954042894941583
FY2,duration_proxy,141,4.867849435195421,1.3954042894941583
FY2,duration_proxy,142,4.867849435195421,1.4281937057749607
FY2,duration_proxy,143,4.867849435195421,1.4281937057749607
FY2,duration_proxy,144,4.867849435195421,1.461227485451017
FY2,duration_proxy,145,4.867849435195421,1.461227485451017
FY2,duration_proxy,146,4.867849435195421,1.4933682237955002
FY2,duration_proxy,147,4.867849435195421,1.4933682237955002
FY2,duration_proxy,148,4.867849435195421,1.4933682237955002
FY2,duration_proxy,149,4.867849435195421,1.5058574519139185
FY2,duration_proxy,150,4.867849435195421,1.5153905916532515
FY2,duration_proxy,151,4.867849435195421,1.5460161233290468
FY2,duration_proxy,152,4.867849435195421,1.5500740827719197
FY2,duration_proxy,153,4.867849435195421,1.5506714895168148
FY2,duration_proxy,154,4.867849435195421,1.5506714895168148
FY2,duration_proxy,155,4.867849435195421,1.5761166559140105
FY2,duration_proxy,156,4.867849435195421,1.6522577162200893
FY2,duration_proxy,157,4.867849435195421,1.7576157654262123
FY2,duration_proxy,158,4.867849435195421,1.7576157654262123
FY2,duration_proxy,159,4.867849435195421,1.7576157654262123
FY2,duration_proxy,160,4.867849435195421,1.8068698661594194
FY2,duration_proxy,161,4.867849435195421,1.8068698661594194
FY2,duration_proxy,162,4.867849435195421,1.818096109045568
FY2,duration_proxy,163,4.867849435195421,1.9084588767135269
FY2,duration_proxy,164,4.867849435195421,1.9110109783284084
FY2,duration_proxy,165,4.867849435195421,1.9110109783284084
FY2,duration_proxy,166,4.867849435195421,1.941301602184829
FY2,duration_proxy,167,4.867849435195421,1.9942842056130863
FY2,duration_proxy,168,4.867849435195421,1.9942842056130863
FY2,duration_proxy,169,4.867849435195421,2.0692807786463137
FY2,duration_proxy,170,4.867849435195421,2.1658917139316975
FY2,duration_proxy,171,4.867849435195421,2.2229899826125825
FY2,duration_proxy,172,4.867849435195421,2.284763189147246
FY2,duration_proxy,173,4.867849435195421,2.348069979869229
FY2,duration_proxy,174,4.867849435195421,2.3826488609697876
FY2,duration_proxy,175,4.867849435195421,2.497782905891264
FY2,duration_proxy,176,4.867849435195421,2.5430686327194953
FY2,duration_proxy,177,4.867849435195421,2.6113186235869206
FY2,duration_proxy,178,4.867849435195421,2.657120406957325
FY2,duration_proxy,179,4.867849435195421,2.6923442207239097
FY2,duration_proxy,180,4.867849435195421,2.761022180356977
FY2,duration_proxy,181,4.867849435195421,2.8190218743846978
FY2,duration_proxy,182,4.867849435195421,2.8563531909339437
FY2,duration_proxy,183,4.867849435195421,2.9249053991449157
FY2,duration_proxy,184,4.867849435195421,2.9870745077329444
FY2,duration_proxy,185,4.867849435195421,3.0451750272610405
FY2,duration_proxy,186,4.867849435195421,3.1220713836901113
FY2,duration_proxy,187,4.867849435195421,3.1636128261639334
FY2,duration_proxy,188,4.867849435195421,3.2209245714629224
FY2,duration_proxy,189,4.867849435195421,3.2885833180867303
FY2,duration_proxy,190,4.867849435195421,3.3093040281479253
FY3,proximity,0,-0.17976975626340116,-4567.315631017742
FY3,proximity,1,-0.17976975626340116,-3049.042486262098
FY3,proximity,2,-0.17976975626340116,-2213.6239434995014
FY3,proximity,3,-0.17976975626340116,-1835.8430355373973
FY3,proximity,4,-0.17976975626340116,-1482.9491688574014
FY3,proximity,5,-0.17976975626340116,-1217.413506688092
FY3,proximity,6,-0.17976975626340116,-890.070734877812
FY3,proximity,7,-0.17976975626340116,-729.4932905446843
FY3,proximity,8,-0.17976975626340116,-626.6299859092321
FY3,proximity,9,-0.17976975626340116,-530.7565270316611
FY3,proximity,10,-0.17976975626340116,-457.5761738275417
FY3,proximity,11,-0.17976975626340116,-402.44568877809587
FY3,proximity,12,-0.17976975626340116,-363.4497267678526
FY3,proximity,13,-0.17976975626340116,-322.44913253331987
FY3,proximity,14,-0.17976975626340116,-280.9750975806465
FY3,proximity,15,-0.17976975626340116,-244.19176655169247
FY3,proximity,16,-0.17976975626340116,-220.53294717678617
FY3,proximity,17,-0.17976975626340116,-201.14921426334976
FY3,proximity,18,-0.17976975626340116,-179.9937828429473
FY3,proximity,19,-0.17976975626340116,-158.74525485568935
FY3,proximity,20,-0.17976975626340116,-144.49005460263464
FY3,proximity,21,-0.17976975626340116,-134.3947788534418
FY3,proximity,22,-0.17976975626340116,-127.10776828032874
FY3,proximity,23,-0.17976975626340116,-118.72846071690968
FY3,proximity,24,-0.17976975626340116,-107.53949115184173
FY3,proximity,25,-0.17976975626340116,-104.91081919262649
FY3,proximity,26,-0.17976975626340116,-97.36227567408594
FY3,proximity,27,-0.17976975626340116,-91.93516735890523
FY3,proximity,28,-0.17976975626340116,-87.14539362353264
FY3,proximity,29,-0.17976975626340116,-75.9867871622739
FY3,proximity,30,-0.17976975626340116,-72.42681854897305
FY3,proximity,31,-0.17976975626340116,-67.67077926661213
FY3,proximity,32,-0.17976975626340116,-63.04592450289376
FY3,proximity,33,-0.17976975626340116,-58.583358697920154
FY3,proximity,34,-0.17976975626340116,-55.35674520407783
FY3,proximity,35,-0.17976975626340116,-51.46135263004177
FY3,proximity,36,-0.17976975626340116,-45.732908164967476
FY3,proximity,37,-0.17976975626340116,-44.044641956285055
FY3,proximity,38,-0.17976975626340116,-41.083263021298166
FY3,proximity,39,-0.17976975626340116,-39.18950686037055
FY3,proximity,40,-0.14687496853419316,-35.63307151774504
FY3,proximity,41,-0.14687496853419316,-34.37991763043917
FY3,proximity,42,-0.14687496853419316,-31.954286045841343
FY3,proximity,43,-0.14687496853419316,-30.527396760717153
FY3,proximity,44,-0.14687496853419316,-29.120869362368612
FY3,proximity,45,-0.14687496853419316,-27.791981892127595
FY3,proximity,46,-0.14687496853419316,-25.349050763296578
FY3,proximity,47,-0.14687496853419316,-24.84077184972436
FY3,proximity,48,-0.14687496853419316,-24.195035554997222
FY3,proximity,49,-0.14687496853419316,-23.671875867523386
FY3,proximity,50,-0.14687496853419316,-22.180757677741557
FY3,proximity,51,-0.14687496853419316,-20.931428788176845
FY3,proximity,52,-0.14687496853419316,-20.244709238177517
FY3,proximity,53,-0.14687496853419316,-19.514678369516187
FY3,proximity,54,-0.14687496853419316,-18.39004739766656
FY3,proximity,55,-0.14687496853419316,-16.77078019718186
FY3,proximity,56,-0.14687496853419316,-16.0566170688499
FY3,proximity,57,-0.14687496853419316,-15.554013557086188
FY3,proximity,58,-0.14687496853419316,-14.99091773028013
FY3,proximity,59,-0.14687496853419316,-13.775757538080638
FY3,proximity,60,-0.14687496853419316,-13.243391777688897
FY3,proximity,61,-0.14687496853419316,-12.780272235923183
FY3,proximity,62,-0.14687496853419316,-12.670021327048358
FY3,proximity,63,-0.14687496853419316,-12.308344555061716
FY3,proximity,64,-0.13016878657396835,-12.125994589191484
FY3,proximity,65,-0.13016878657396835,-11.890703257020483
FY3,proximity,66,-0.13016878657396835,-11.640148918064211
FY3,proximity,67,-0.13016878657396835,-11.405790834836727
FY3,proximity,68,-0.13016878657396835,-10.93051487954058
FY3,proximity,69,-0.13016878657396835,-10.604989462322552
FY3,proximity,70,-0.13016878657396835,-10.49526491760781
FY3,proximity,71,-0.13016878657396835,-9.754233724828778
FY3,proximity,72,-0.13016878657396835,-9.166473821292866
FY3,proximity,73,-0.13016878657396835,-9.166473821292866
FY3,proximity,74,-0.13016878657396835,-8.719659636740282
FY3,proximity,75,-0.13016878657396835,-8.719659636740282
FY3,proximity,76,-0.13016878657396835,-8.715414600800397
FY3,proximity,77,-0.13016878657396835,-8.680244969287047
FY3,proximity,78,-0.13016878657396835,-8.397569882300509
FY3,proximity,79,-0.13016878657396835,-7.98050674544796
FY3,proximity,80,-0.13016878657396835,-7.911579441316658
FY3,proximity,81,-0.13016878657396835,-7.17779318801396
FY3,proximity,82,-0.13016878657396835,-6.802828964924728
FY3,proximity,83,-0.10797360619486476,-5.995712682765088
FY3,proximity,84,-0.10797360619486476,-5.810896074486842
FY3,proximity,85,-0.10797360619486476,-5.713379740737696
FY3,proximity,86,-0.10797360619486476,-5.657770506718762
FY3,proximity,87,-0.10797360619486476,-5.657770506718762
FY3,proximity,88,-0.10797360619486476,-5.556785411896166
FY3,proximity,89,-0.10797360619486476,-5.458760155187086
FY3,proximity,90,-0.10797360619486476,-5.299682195573272
FY3,proximity,91,-0.10797360619486476,-5.150421266095454
FY3,proximity,92,-0.10797360619486476,-5.104993444750914
FY3,proximity,93,-0.10797360619486476,-5.022368326373376
FY3,proximity,94,-0.10797360619486476,-4.871969005585109
FY3,proximity,95,-0.10797360619486476,-4.670153941422622
FY3,proximity,96,-0.10797360619486476,-4.431814988470927
FY3,proximity,97,-0.10797360619486476,-4.389957833370583
FY3,proximity,98,-0.10797360619486476,-4.333828798371628
FY3,proximity,99,-0.10797360619486476,-4.284083031348164
FY3,proximity,100,-0.10797360619486476,-4.1719638746086
FY3,proximity,101,-0.10797360619486476,-4.121921176247096
FY3,proximity,102,-0.10797360619486476,-3.98002410585074
FY3,proximity,103,-0.10797360619486476,-3.9000710830918357
FY3,proximity,104,-0.10797360619486476,-3.821933148019852
FY3,proximity,105,-0.10797360619486476,-3.772461849734776
FY3,proximity,106,-0.10797360619486476,-3.762645313926887
FY3,proximity,107,-0.10797360619486476,-3.6506970421910325
FY3,proximity,108,-0.10797360619486476,-3.523599402474661
FY3,proximity,109,-0.10797360619486476,-3.5116672180098796
FY3,proximity,110,-0.06395419025484488,-3.4812766478294876
FY3,proximity,111,-0.06395419025484488,-3.3388149300423113
FY3,proximity,112,-0.06395419025484488,-3.2985191070012028
FY3,proximity,113,-0.06395419025484488,-3.0632728068839215
FY3,proximity,114,-0.06395419025484488,-2.8639233672271196
FY3,proximity,115,-0.06395419025484488,-2.8639233672271196
FY3,proximity,116,-0.06395419025484488,-2.8427165911896064
FY3,proximity,117,-0.06395419025484488,-2.775156241147044
FY3,proximity,118,-0.06395419025484488,-2.723276085516254
FY3,proximity,119,-0.06395419025484488,-2.660732817130174
FY3,proximity,120,-0.06395419025484488,-2.5593704366392296
FY3,proximity,121,-0.06395419025484488,-2.4851885970875203
FY3,proximity,122,-0.06395419025484488,-2.4851885970875203
FY3,proximity,123,-0.06395419025484488,-2.413297324545444
FY3,proximity,124,-0.06395419025484488,-2.3835001578307318
FY3,proximity,125,-0.06395419025484488,-2.360775670989923
FY3,proximity,126,-0.06395419025484488,-2.283456962503397
FY3,proximity,127,-0.06395419025484488,-2.2686065514779528
FY3,proximity,128,-0.06395419025484488,-2.192903405560847
FY3,proximity,129,-0.06395419025484488,-2.1709694024983883
FY3,proximity,130,-0.06395419025484488,-2.118082681599111
FY3,proximity,131,-0.06395419025484488,-2.0721179643095162
FY3,proximity,132,-0.06395419025484488,-1.9289665851438664
FY3,proximity,133,-0.06395419025484488,-1.9289665851438664
FY3,proximity,134,-0.06395419025484488,-1.8341714280503545
FY3,proximity,135,-0.06395419025484488,-1.8320581789788963
FY3,proximity,136,-0.06395419025484488,-1.8287736750609458
FY3,proximity,137,-0.06395419025484488,-1.7412946050045761
FY3,proximity,138,-0.06395419025484488,-1.7412946050045761
FY3,proximity,139,-0.06087524526954951,-1.7210081721418804
FY3,proximity,140,-0.06087524526954951,-1.7156325925259939
FY3,proximity,141,-0.06087524526954951,-1.6624514274030204
FY3,proximity,142,-0.06087524526954951,-1.6026272231237513
FY3,proximity,143,-0.06087524526954951,-1.5374230847235548
FY3,proximity,144,-0.06087524526954951,-1.5321371887422195
FY3,proximity,145,-0.06087524526954951,-1.5222029996544046
FY3,proximity,146,-0.06087524526954951,-1.4651756001354734
FY3,proximity,147,-0.06087524526954951,-1.4651756001354734
FY3,proximity,148,-0.06087524526954951,-1.4456184950536368
FY3,proximity,149,-0.06087524526954951,-1.427859033182718
FY3,proximity,150,-0.06087524526954951,-1.427859033182718
FY3,duration_proxy,0,4.317370334333731,0.6546933392962221
FY3,duration_proxy,1,4.317370334333731,0.6546933392962221
FY3,duration_proxy,2,4.317370334333731,0.6546933392962221
FY3,duration_proxy,3,4.317370334333731,0.6546933392962221
FY3,duration_proxy,4,4.317370334333731,0.6546933392962221
FY3,duration_proxy,5,4.317370334333731,0.6546933392962221
FY3,duration_proxy,6,4.317370334333731,0.6546933392962221
FY3,duration_proxy,7,4.317370334333731,0.6546933392962221
FY3,duration_proxy,8,4.317370334333731,0.6546933392962221
FY3,duration_proxy,9,4.317370334333731,0.6546933392962221
FY3,duration_proxy,10,4.317370334333731,0.6546933392962221
FY3,duration_proxy,11,4.317370334333731,0.6546933392962221
FY3,duration_proxy,12,4.317370334333731,0.6546933392962221
FY3,duration_proxy,13,4.317370334333731,0.6802087169354364
FY3,duration_proxy,14,4.317370334333731,0.6802087169354364
FY3,duration_proxy,15,4.317370334333731,0.6802087169354364
FY3,duration_proxy,16,4.317370334333731,0.6802087169354364
FY3,duration_proxy,17,4.317370334333731,0.6802087169354364
FY3,duration_proxy,18,4.317370334333731,0.6802087169354364
FY3,duration_proxy,19,4.317370334333731,0.6802087169354364
FY3,duration_proxy,20,4.317370334333731,0.6802087169354364
FY3,duration_proxy,21,4.317370334333731,0.6802087169354364
FY3,duration_proxy,22,4.317370334333731,0.6802087169354364
FY3,duration_proxy,23,4.317370334333731,0.6802087169354364
FY3,duration_proxy,24,4.317370334333731,0.6802087169354364
FY3,duration_proxy,25,4.317370334333731,0.6802087169354364
FY3,duration_proxy,26,4.317370334333731,0.6802087169354364
FY3,duration_proxy,27,4.317370334333731,0.6802087169354364
FY3,duration_proxy,28,4.317370334333731,0.702172171667388
FY3,duration_proxy,29,4.317370334333731,0.702172171667388
FY3,duration_proxy,30,4.317370334333731,0.702172171667388
FY3,duration_proxy,31,4.317370334333731,0.702172171667388
FY3,duration_proxy,32,4.317370334333731,0.702172171667388
FY3,duration_proxy,33,4.317370334333731,0.702172171667388
FY3,duration_proxy,34,4.317370334333731,0.702172171667388
FY3,duration_proxy,35,4.317370334333731,0.702172171667388
FY3,duration_proxy,36,4.317370334333731,0.702172171667388
FY3,duration_proxy,37,4.317370334333731,0.702172171667388
FY3,duration_proxy,38,4.317370334333731,0.7396303714312751
FY3,duration_proxy,39,4.317370334333731,0.7396303714312751
FY3,duration_proxy,40,4.317370334333731,0.7445976375223535
FY3,duration_proxy,41,4.317370334333731,0.7445976375223535
FY3,duration_proxy,42,4.317370334333731,0.7445976375223535
FY3,duration_proxy,43,4.317370334333731,0.7445976375223535
FY3,duration_proxy,44,4.317370334333731,0.7445976375223535
FY3,duration_proxy,45,4.317370334333731,0.7445976375223535
FY3,duration_proxy,46,4.317370334333731,0.7445976375223535
FY3,duration_proxy,47,4.317370334333731,0.7445976375223535
FY3,duration_proxy,48,4.317370334333731,0.7445976375223535
FY3,duration_proxy,49,4.317370334333731,0.7740614286036356
FY3,duration_proxy,50,4.317370334333731,0.7740614286036356
FY3,duration_proxy,51,4.317370334333731,0.7819805689555929
FY3,duration_proxy,52,4.317370334333731,0.805014906186618
FY3,duration_proxy,53,4.317370334333731,0.805014906186618
FY3,duration_proxy,54,4.317370334333731,0.828379682718979
FY3,duration_proxy,55,4.317370334333731,0.828379682718979
FY3,duration_proxy,56,4.317370334333731,0.828379682718979
FY3,duration_proxy,57,4.317370334333731,0.828379682718979
FY3,duration_proxy,58,4.317370334333731,0.828379682718979
FY3,duration_proxy,59,4.317370334333731,0.828379682718979
FY3,duration_proxy,60,4.317370334333731,0.828379682718979
FY3,duration_proxy,61,4.317370334333731,0.828379682718979
FY3,duration_proxy,62,4.317370334333731,0.828379682718979
FY3,duration_proxy,63,4.317370334333731,0.828379682718979
FY3,duration_proxy,64,4.317370334333731,0.828379682718979
FY3,duration_proxy,65,4.317370334333731,0.828379682718979
FY3,duration_proxy,66,4.317370334333731,0.828379682718979
FY3,duration_proxy,67,4.317370334333731,0.828379682718979
FY3,duration_proxy,68,4.317370334333731,0.828379682718979
FY3,duration_proxy,69,4.317370334333731,0.828379682718979
FY3,duration_proxy,70,4.317370334333731,0.828379682718979
FY3,duration_proxy,71,4.317370334333731,0.828379682718979
FY3,duration_proxy,72,4.317370334333731,0.828379682718979
FY3,duration_proxy,73,4.317370334333731,0.828379682718979
FY3,duration_proxy,74,4.317370334333731,0.828379682718979
FY3,duration_proxy,75,4.317370334333731,0.828379682718979
FY3,duration_proxy,76,4.317370334333731,0.828379682718979
FY3,duration_proxy,77,4.317370334333731,0.828379682718979
FY3,duration_proxy,78,4.317370334333731,0.828379682718979
FY3,duration_proxy,79,4.317370334333731,0.828379682718979
FY3,duration_proxy,80,4.317370334333731,0.8562277230095037
FY3,duration_proxy,81,4.317370334333731,0.8562277230095037
FY3,duration_proxy,82,4.317370334333731,0.8562277230095037
FY3,duration_proxy,83,4.317370334333731,0.8562277230095037
FY3,duration_proxy,84,4.317370334333731,0.8562277230095037
FY3,duration_proxy,85,4.317370334333731,0.8562277230095037
FY3,duration_proxy,86,4.317370334333731,0.8562277230095037
FY3,duration_proxy,87,4.317370334333731,0.8756354389147262
FY3,duration_proxy,88,4.317370334333731,0.8756354389147262
FY3,duration_proxy,89,4.317370334333731,0.8756354389147262
FY3,duration_proxy,90,4.317370334333731,0.8756354389147262
FY3,duration_proxy,91,4.317370334333731,0.8756354389147262
FY3,duration_proxy,92,4.317370334333731,0.8756354389147262
FY3,duration_proxy,93,4.317370334333731,0.8756354389147262
FY3,duration_proxy,94,4.317370334333731,0.8756354389147262
FY3,duration_proxy,95,4.317370334333731,0.8756354389147262
FY3,duration_proxy,96,4.317370334333731,0.8756354389147262
FY3,duration_proxy,97,4.317370334333731,0.8756354389147262
FY3,duration_proxy,98,4.373810323596018,0.8852235257226945
FY3,duration_proxy,99,4.373810323596018,0.8852235257226945
FY3,duration_proxy,100,4.373810323596018,0.8852235257226945
FY3,duration_proxy,101,4.373810323596018,0.8852235257226945
FY3,duration_proxy,102,4.373810323596018,0.8852235257226945
FY3,duration_proxy,103,4.373810323596018,0.8977165831184907
FY3,duration_proxy,104,4.373810323596018,0.8977165831184907
FY3,duration_proxy,105,4.373810323596018,0.8977165831184907
FY3,duration_proxy,106,4.373810323596018,0.9186830063030555
FY3,duration_proxy,107,4.373810323596018,0.9186830063030555
FY3,duration_proxy,108,4.373810323596018,0.9186830063030555
FY3,duration_proxy,109,4.373810323596018,0.9186830063030555
FY3,duration_proxy,110,4.373810323596018,0.9186830063030555
FY3,duration_proxy,111,4.373810323596018,0.9186830063030555
FY3,duration_proxy,112,4.373810323596018,0.9186830063030555
FY3,duration_proxy,113,4.373810323596018,0.9305246599805027
FY3,duration_proxy,114,4.373810323596018,0.9305246599805027
FY3,duration_proxy,115,4.373810323596018,0.9305246599805027
FY3,duration_proxy,116,4.373810323596018,0.9305246599805027
FY3,duration_proxy,117,4.373810323596018,0.9305246599805027
FY3,duration_proxy,118,4.373810323596018,0.9305246599805027
FY3,duration_proxy,119,4.373810323596018,0.9305246599805027
FY3,duration_proxy,120,4.373810323596018,0.9305246599805027
FY3,duration_proxy,121,4.373810323596018,0.9305246599805027
FY3,duration_proxy,122,4.373810323596018,0.9305246599805027
FY3,duration_proxy,123,4.373810323596018,0.9305246599805027
FY3,duration_proxy,124,4.373810323596018,0.9305246599805027
FY3,duration_proxy,125,4.373810323596018,0.9305246599805027
FY3,duration_proxy,126,4.373810323596018,0.9305246599805027
FY3,duration_proxy,127,4.373810323596018,0.9305246599805027
FY3,duration_proxy,128,4.373810323596018,0.9305246599805027
FY3,duration_proxy,129,4.373810323596018,0.9305246599805027
FY3,duration_proxy,130,4.373810323596018,0.9305246599805027
FY3,duration_proxy,131,4.373810323596018,0.9305246599805027
FY3,duration_proxy,132,4.373810323596018,0.9305246599805027
FY3,duration_proxy,133,4.373810323596018,0.9467823515669951
FY3,duration_proxy,134,4.373810323596018,0.9719523298873334
FY3,duration_proxy,135,4.373810323596018,0.9719523298873334
FY3,duration_proxy,136,4.373810323596018,0.9884659005403574
FY3,duration_proxy,137,4.373810323596018,1.0217349485116753
FY3,duration_proxy,138,4.373810323596018,1.0217349485116753
FY3,duration_proxy,139,4.373810323596018,1.0217349485116753
FY3,duration_proxy,140,4.373810323596018,1.0217349485116753
FY3,duration_proxy,141,4.373810323596018,1.0217349485116753
FY3,duration_proxy,142,4.373810323596018,1.0227802061722884
FY3,duration_proxy,143,4.373810323596018,1.0227802061722884
FY3,duration_proxy,144,4.373810323596018,1.0227802061722884
FY3,duration_proxy,145,4.373810323596018,1.0227802061722884
FY3,duration_proxy,146,4.373810323596018,1.0227802061722884
FY3,duration_proxy,147,4.373810323596018,1.0431472382792149
FY3,duration_proxy,148,4.373810323596018,1.0595320281198592
FY3,duration_proxy,149,4.373810323596018,1.0595320281198592
FY3,duration_proxy,150,4.373810323596018,1.0595320281198592
FY3,duration_proxy,151,4.373810323596018,1.0595320281198592
FY3,duration_proxy,152,4.373810323596018,1.0595320281198592
FY3,duration_proxy,153,4.373810323596018,1.0595320281198592
FY3,duration_proxy,154,4.373810323596018,1.0595320281198592
FY3,duration_proxy,155,4.373810323596018,1.0759023968245336
FY3,duration_proxy,156,4.373810323596018,1.0759023968245336
FY3,duration_proxy,157,4.373810323596018,1.0759023968245336
FY3,duration_proxy,158,4.373810323596018,1.0759023968245336
FY3,duration_proxy,159,4.373810323596018,1.0933581867991908
FY3,duration_proxy,160,4.373810323596018,1.1132421572721727
FY3,duration_proxy,161,4.373810323596018,1.1132421572721727
FY3,duration_proxy,162,4.373810323596018,1.138757534911387
FY3,duration_proxy,163,4.373810323596018,1.1468505358559862
FY3,duration_proxy,164,4.373810323596018,1.1468505358559862
FY3,duration_proxy,165,4.373810323596018,1.1468505358559862
FY3,duration_proxy,166,4.373810323596018,1.148718748857225
FY3,duration_proxy,167,4.373810323596018,1.149240387056379
FY3,duration_proxy,168,4.373810323596018,1.149240387056379
FY3,duration_proxy,169,4.373810323596018,1.149240387056379
FY3,duration_proxy,170,4.373810323596018,1.1770785301208926
FY3,duration_proxy,171,4.373810323596018,1.1860810231914112
FY3,duration_proxy,172,4.373810323596018,1.1860810231914112
FY3,duration_proxy,173,4.373810323596018,1.19353536181641
FY3,duration_proxy,174,4.373810323596018,1.19353536181641
FY3,duration_proxy,175,4.373810323596018,1.204308055797408
FY3,duration_proxy,176,4.373810323596018,1.2253271585689391
FY3,duration_proxy,177,4.373810323596018,1.2253271585689391
FY3,duration_proxy,178,4.373810323596018,1.2461859896411316
FY3,duration_proxy,179,4.373810323596018,1.2461859896411316
FY3,duration_proxy,180,4.373810323596018,1.2461859896411316
FY3,duration_proxy,181,4.373810323596018,1.3004932639073787
FY3,duration_proxy,182,4.373810323596018,1.3004932639073787
FY3,duration_proxy,183,4.373810323596018,1.3004932639073787
FY3,duration_proxy,184,4.373810323596018,1.3291966376375444
FY3,duration_proxy,185,4.373810323596018,1.3291966376375444
FY3,duration_proxy,186,4.373810323596018,1.3376964935729936
FY3,duration_proxy,187,4.373810323596018,1.3376964935729936
FY3,duration_proxy,188,4.373810323596018,1.3604505441721513
FY3,duration_proxy,189,4.373810323596018,1.3805799150198912
FY3,duration_proxy,190,4.373810323596018,1.3805799150198912
