rank,total_duration_s,minimum_missile_duration_s,M1_duration_s,M2_duration_s,M3_duration_s
1,30.336269667079172,6.688047120912506,13.004401826085207,10.643820720081457,6.688047120912506
2,30.322426107085327,6.674203560918661,13.004401826085207,10.643820720081457,6.674203560918661
3,30.10466170388778,6.688047120912506,12.772793862893817,10.643820720081457,6.688047120912506
4,30.090818143893934,6.674203560918661,12.772793862893817,10.643820720081457,6.674203560918661
5,29.95016118745739,6.688047120912506,12.618293346463428,10.643820720081457,6.688047120912506
6,29.936317627463545,6.674203560918661,12.618293346463428,10.643820720081457,6.674203560918661
7,29.716834221855933,6.688047120912506,12.384966380861968,10.643820720081457,6.688047120912506
8,29.70299066186209,6.674203560918661,12.384966380861968,10.643820720081457,6.674203560918661
9,29.257852712503066,8.44229470250684,10.171737289914766,10.643820720081457,8.44229470250684
10,29.24400915250922,8.428451142512996,10.171737289914766,10.643820720081457,8.428451142512996
11,29.026244749311672,8.44229470250684,9.940129326723376,10.643820720081457,8.44229470250684
12,29.012401189317828,8.428451142512996,9.940129326723376,10.643820720081457,8.428451142512996
13,28.871744232881284,8.44229470250684,9.785628810292987,10.643820720081457,8.44229470250684
14,28.85790067288744,8.428451142512996,9.785628810292987,10.643820720081457,8.428451142512996
15,28.638417267279827,8.44229470250684,9.552301844691527,10.643820720081457,8.44229470250684
16,28.624573707285982,8.428451142512996,9.552301844691527,10.643820720081457,8.428451142512996
17,28.523064713923866,6.688047120912506,11.191196872929902,10.643820720081457,6.688047120912506
18,28.50990701879487,6.688047120912506,11.178039177800908,10.643820720081457,6.688047120912506
19,28.50922115393002,6.674203560918661,11.191196872929902,10.643820720081457,6.674203560918661
20,28.496063458801025,6.674203560918661,11.178039177800908,10.643820720081457,6.674203560918661
21,27.50360513090873,6.688047120912506,10.171737289914766,10.643820720081457,6.688047120912506
22,27.489761570914887,6.674203560918661,10.171737289914766,10.643820720081457,6.674203560918661
23,27.44464775934776,8.358532336759462,8.358532336759462,10.643820720081457,8.44229470250684
24,27.431490064218764,8.345374641630467,8.345374641630467,10.643820720081457,8.44229470250684
25,27.430804199353915,8.358532336759462,8.358532336759462,10.643820720081457,8.428451142512996
26,27.41764650422492,8.345374641630467,8.345374641630467,10.643820720081457,8.428451142512996
27,27.405794868342355,6.688047120912506,13.004401826085207,7.71334592134464,6.688047120912506
28,27.39992283293917,3.7517002867725058,13.004401826085207,10.643820720081457,3.7517002867725058
29,27.39195130834851,6.674203560918661,13.004401826085207,7.71334592134464,6.674203560918661
30,27.375577121130803,3.7517002867725058,13.004401826085207,10.619475008273088,3.7517002867725058
31,27.271997167717338,6.688047120912506,9.940129326723376,10.643820720081457,6.688047120912506
32,27.258153607723493,6.674203560918661,9.940129326723376,10.643820720081457,6.674203560918661
33,27.17418690515096,6.688047120912506,12.772793862893817,7.71334592134464,6.688047120912506
34,27.168314869747782,3.7517002867725058,12.772793862893817,10.643820720081457,3.7517002867725058
35,27.160343345157116,6.674203560918661,12.772793862893817,7.71334592134464,6.674203560918661
36,27.14396915793941,3.7517002867725058,12.772793862893817,10.619475008273088,3.7517002867725058
37,27.11749665128695,6.688047120912506,9.785628810292987,10.643820720081457,6.688047120912506
38,27.103653091293104,6.674203560918661,9.785628810292987,10.643820720081457,6.674203560918661
39,27.019686388720572,6.688047120912506,12.618293346463428,7.71334592134464,6.688047120912506
40,27.013814353317393,3.7517002867725058,12.618293346463428,10.643820720081457,3.7517002867725058
41,27.005842828726728,6.674203560918661,12.618293346463428,7.71334592134464,6.674203560918661
42,26.98946864150902,3.7517002867725058,12.618293346463428,10.619475008273088,3.7517002867725058
43,26.884169685685492,6.688047120912506,9.552301844691527,10.643820720081457,6.688047120912506
44,26.870326125691648,6.674203560918661,9.552301844691527,10.643820720081457,6.674203560918661
45,26.786359423119116,6.688047120912506,12.384966380861968,7.71334592134464,6.688047120912506
46,26.78048738771593,3.7517002867725058,12.384966380861968,10.643820720081457,3.7517002867725058
47,26.77251586312527,6.674203560918661,12.384966380861968,7.71334592134464,6.674203560918661
48,26.756141675907564,3.7517002867725058,12.384966380861968,10.619475008273088,3.7517002867725058
49,26.578496455554795,6.688047120912506,9.233744723058912,10.656704611583377,6.688047120912506
50,26.565612564052877,6.688047120912506,9.233744723058912,10.643820720081457,6.688047120912506
51,26.56465289556095,6.674203560918661,9.233744723058912,10.656704611583377,6.674203560918661
52,26.551769004059032,6.674203560918661,9.233744723058912,10.643820720081457,6.674203560918661
53,26.485239936829224,6.688047120912506,13.06853438386132,6.728658432055401,6.688047120912506
54,26.47139637683538,6.674203560918661,13.06853438386132,6.728658432055401,6.674203560918661
55,26.463283712050583,6.688047120912506,13.046578159082674,6.728658432055401,6.688047120912506
56,26.449440152056738,6.674203560918661,13.046578159082674,6.728658432055401,6.674203560918661
57,26.346888492363405,6.688047120912506,9.002136759867522,10.656704611583377,6.688047120912506
58,26.334004600861483,6.688047120912506,9.002136759867522,10.643820720081457,6.688047120912506
59,26.33304493236956,6.674203560918661,9.002136759867522,10.656704611583377,6.674203560918661
60,26.32737791376625,7.71334592134464,10.171737289914766,7.71334592134464,8.44229470250684
61,26.32016104086764,6.674203560918661,9.002136759867522,10.643820720081457,6.674203560918661
62,26.313534353772404,7.71334592134464,10.171737289914766,7.71334592134464,8.428451142512996
63,26.253631973637837,6.688047120912506,12.83692642066993,6.728658432055401,6.688047120912506
64,26.239788413643993,6.674203560918661,12.83692642066993,6.728658432055401,6.674203560918661
65,26.23167574885919,6.688047120912506,12.814970195891284,6.728658432055401,6.688047120912506
66,26.223618019709384,3.7517002867725058,14.758571811592237,7.71334592134464,3.7517002867725058
67,26.217832188865344,6.674203560918661,12.814970195891284,6.728658432055401,6.674203560918661
68,26.192387975933016,6.688047120912506,8.847636243437133,10.656704611583377,6.688047120912506
69,26.179504084431095,6.688047120912506,8.847636243437133,10.643820720081457,6.688047120912506
70,26.17854441593917,6.674203560918661,8.847636243437133,10.656704611583377,6.674203560918661
71,26.16566052443725,6.674203560918661,8.847636243437133,10.643820720081457,6.674203560918661
72,26.159830290801295,3.7517002867725058,14.694784082684148,7.71334592134464,3.7517002867725058
73,26.09913145720745,6.688047120912506,12.68242590423954,6.728658432055401,6.688047120912506
74,26.095769950574855,7.71334592134464,9.940129326723376,7.71334592134464,8.44229470250684
75,26.085287897213604,6.674203560918661,12.68242590423954,6.728658432055401,6.674203560918661
76,26.08192639058101,7.71334592134464,9.940129326723376,7.71334592134464,8.428451142512996
77,26.0771752324288,6.688047120912506,12.660469679460896,6.728658432055401,6.688047120912506
78,26.063331672434956,6.674203560918661,12.660469679460896,6.728658432055401,6.674203560918661
79,25.99201005651799,3.7517002867725058,14.526963848400847,7.71334592134464,3.7517002867725058
80,25.959061010331556,6.688047120912506,8.614309277835673,10.656704611583377,6.688047120912506
81,25.946177118829638,6.688047120912506,8.614309277835673,10.643820720081457,6.688047120912506
82,25.94521745033771,6.674203560918661,8.614309277835673,10.656704611583377,6.674203560918661
83,25.941269434144466,7.71334592134464,9.785628810292987,7.71334592134464,8.44229470250684
84,25.932333558835793,6.674203560918661,8.614309277835673,10.643820720081457,6.674203560918661
85,25.9282223276099,3.7517002867725058,14.463176119492758,7.71334592134464,3.7517002867725058
86,25.92742587415062,7.71334592134464,9.785628810292987,7.71334592134464,8.428451142512996
87,25.865804491605985,6.688047120912506,12.44909893863808,6.728658432055401,6.688047120912506
88,25.85196093161214,6.674203560918661,12.44909893863808,6.728658432055401,6.674203560918661
89,25.843848266827344,6.688047120912506,12.427142713859435,6.728658432055401,6.688047120912506
90,25.837509540087602,3.7517002867725058,14.372463331970458,7.71334592134464,3.7517002867725058
91,25.8300047068335,6.674203560918661,12.427142713859435,6.728658432055401,6.674203560918661
92,25.773721811179513,3.7517002867725058,14.308675603062369,7.71334592134464,3.7517002867725058
93,25.70794246854301,7.71334592134464,9.552301844691527,7.71334592134464,8.44229470250684
94,25.694098908549165,7.71334592134464,9.552301844691527,7.71334592134464,8.428451142512996
95,25.690400177753425,6.688047120912506,8.358532336759462,10.643820720081457,6.688047120912506
96,25.67724248262443,6.688047120912506,8.345374641630467,10.643820720081457,6.688047120912506
97,25.67655661775958,6.674203560918661,8.358532336759462,10.643820720081457,6.674203560918661
98,25.663398922630584,6.674203560918661,8.345374641630467,10.643820720081457,6.674203560918661
99,25.604182574486146,3.7517002867725058,14.139136366368998,7.71334592134464,3.7517002867725058
100,25.592589915187048,6.688047120912506,11.191196872929902,7.71334592134464,6.688047120912506
101,25.586717879783865,3.7517002867725058,11.191196872929902,10.643820720081457,3.7517002867725058
102,25.579432220058052,6.688047120912506,11.178039177800908,7.71334592134464,6.688047120912506
103,25.578746355193203,6.674203560918661,11.191196872929902,7.71334592134464,6.674203560918661
104,25.573560184654873,3.7517002867725058,11.178039177800908,10.643820720081457,3.7517002867725058
105,25.565588660064208,6.674203560918661,11.178039177800908,7.71334592134464,6.674203560918661
106,25.562372167975496,3.7517002867725058,11.191196872929902,10.619475008273088,3.7517002867725058
107,25.5492144728465,3.7517002867725058,11.178039177800908,10.619475008273088,3.7517002867725058
108,25.540394845578057,3.7517002867725058,14.075348637460909,7.71334592134464,3.7517002867725058
109,25.50007950097869,6.401080186888471,6.401080186888471,10.656704611583377,8.44229470250684
110,25.48719560947677,6.401080186888471,6.401080186888471,10.643820720081457,8.44229470250684
111,25.486235940984844,6.401080186888471,6.401080186888471,10.656704611583377,8.428451142512996
112,25.473352049482926,6.401080186888471,6.401080186888471,10.643820720081457,8.428451142512996
113,25.406822982253118,6.728658432055401,10.235869847690878,6.728658432055401,8.44229470250684
114,25.392979422259273,6.728658432055401,10.235869847690878,6.728658432055401,8.428451142512996
115,25.384866757474477,6.728658432055401,10.213913622912234,6.728658432055401,8.44229470250684
116,25.371023197480632,6.728658432055401,10.213913622912234,6.728658432055401,8.428451142512996
117,25.2684715377873,6.169472223697082,6.169472223697082,10.656704611583377,8.44229470250684
118,25.25558764628538,6.169472223697082,6.169472223697082,10.643820720081457,8.44229470250684
119,25.254627977793454,6.169472223697082,6.169472223697082,10.656704611583377,8.428451142512996
120,25.241744086291536,6.169472223697082,6.169472223697082,10.643820720081457,8.428451142512996
121,25.17521501906173,6.728658432055401,10.004261884499488,6.728658432055401,8.44229470250684
122,25.161371459067887,6.728658432055401,10.004261884499488,6.728658432055401,8.428451142512996
123,25.153258794283083,6.728658432055401,9.982305659720843,6.728658432055401,8.44229470250684
124,25.13941523428924,6.728658432055401,9.982305659720843,6.728658432055401,8.428451142512996
125,25.11397102135691,6.014971707266693,6.014971707266693,10.656704611583377,8.44229470250684
126,25.101087129854992,6.014971707266693,6.014971707266693,10.643820720081457,8.44229470250684
127,25.100127461363066,6.014971707266693,6.014971707266693,10.656704611583377,8.428451142512996
128,25.087243569861148,6.014971707266693,6.014971707266693,10.643820720081457,8.428451142512996
129,25.020714502631343,6.728658432055401,9.8497613680691,6.728658432055401,8.44229470250684
130,25.006870942637498,6.728658432055401,9.8497613680691,6.728658432055401,8.428451142512996
131,24.998758277852694,6.728658432055401,9.827805143290455,6.728658432055401,8.44229470250684
132,24.98491471785885,6.728658432055401,9.827805143290455,6.728658432055401,8.428451142512996
133,24.88064405575545,5.7816447416652315,5.7816447416652315,10.656704611583377,8.44229470250684
134,24.86776016425353,5.7816447416652315,5.7816447416652315,10.643820720081457,8.44229470250684
135,24.866800495761606,5.7816447416652315,5.7816447416652315,10.656704611583377,8.428451142512996
136,24.853916604259684,5.7816447416652315,5.7816447416652315,10.643820720081457,8.428451142512996
137,24.78738753702988,6.728658432055401,9.61643440246764,6.728658432055401,8.44229470250684
138,24.773543977036034,6.728658432055401,9.61643440246764,6.728658432055401,8.428451142512996
139,24.765431312251238,6.728658432055401,9.594478177688995,6.728658432055401,8.44229470250684
140,24.765291502399492,6.688047120912506,7.420539769903607,10.656704611583377,6.688047120912506
141,24.75240761089757,6.688047120912506,7.420539769903607,10.643820720081457,6.688047120912506
142,24.752133807270496,6.688047120912506,7.407382074774614,10.656704611583377,6.688047120912506
143,24.751587752257393,6.728658432055401,9.594478177688995,6.728658432055401,8.428451142512996
144,24.751447942405647,6.674203560918661,7.420539769903607,10.656704611583377,6.674203560918661
145,24.73924991576858,6.688047120912506,7.407382074774614,10.643820720081457,6.688047120912506
146,24.738564050903726,6.674203560918661,7.420539769903607,10.643820720081457,6.674203560918661
147,24.73829024727665,6.674203560918661,7.407382074774614,10.656704611583377,6.674203560918661
148,24.725406355774734,6.674203560918661,7.407382074774614,10.643820720081457,6.674203560918661
149,24.67203498367392,6.688047120912506,11.255329430706015,6.728658432055401,6.688047120912506
150,24.65887728854493,6.688047120912506,11.24217173557702,6.728658432055401,6.688047120912506
151,24.658191423680076,6.674203560918661,11.255329430706015,6.728658432055401,6.674203560918661
152,24.650078758895276,6.688047120912506,11.23337320592737,6.728658432055401,6.688047120912506
153,24.645033728551084,6.674203560918661,11.24217173557702,6.728658432055401,6.674203560918661
154,24.63692106376628,6.688047120912506,11.220215510798376,6.728658432055401,6.688047120912506
155,24.63623519890143,6.674203560918661,11.23337320592737,6.728658432055401,6.674203560918661
156,24.623077503772436,6.674203560918661,11.220215510798376,6.728658432055401,6.674203560918661
157,24.514172960610942,7.71334592134464,8.358532336759462,7.71334592134464,8.44229470250684
158,24.501015265481946,7.71334592134464,8.345374641630467,7.71334592134464,8.44229470250684
159,24.500329400617098,7.71334592134464,8.358532336759462,7.71334592134464,8.428451142512996
160,24.4871717054881,7.71334592134464,8.345374641630467,7.71334592134464,8.428451142512996
161,24.410413066554078,3.7517002867725058,12.945366858436932,7.71334592134464,3.7517002867725058
162,24.397255371425082,3.7517002867725058,12.932209163307938,7.71334592134464,3.7517002867725058
163,24.34662533764599,3.7517002867725058,12.881579129528843,7.71334592134464,3.7517002867725058
164,24.333467642516993,3.7517002867725058,12.868421434399849,7.71334592134464,3.7517002867725058
165,23.745831919384354,6.401080186888471,6.401080186888471,10.656704611583377,6.688047120912506
166,23.732948027882436,6.401080186888471,6.401080186888471,10.643820720081457,6.688047120912506
167,23.73198835939051,6.401080186888471,6.401080186888471,10.656704611583377,6.674203560918661
168,23.71910446788859,6.401080186888471,6.401080186888471,10.643820720081457,6.674203560918661
169,23.686874547823386,4.5878752337331665,4.5878752337331665,10.656704611583377,8.44229470250684
170,23.673990656321465,4.5878752337331665,4.5878752337331665,10.643820720081457,8.44229470250684
171,23.67371685269439,4.574717538604173,4.574717538604173,10.656704611583377,8.44229470250684
172,23.67303098782954,4.5878752337331665,4.5878752337331665,10.656704611583377,8.428451142512996
173,23.660832961192472,4.574717538604173,4.574717538604173,10.643820720081457,8.44229470250684
174,23.66014709632762,4.5878752337331665,4.5878752337331665,10.643820720081457,8.428451142512996
175,23.659873292700546,4.574717538604173,4.574717538604173,10.656704611583377,8.428451142512996
176,23.652575400658783,6.688047120912506,10.235869847690878,6.728658432055401,6.688047120912506
177,23.648021656817978,6.688047120912506,9.233744723058912,7.72622981284656,6.688047120912506
178,23.646989401198628,4.574717538604173,4.574717538604173,10.643820720081457,8.428451142512996
179,23.642149621414795,3.7517002867725058,9.233744723058912,10.656704611583377,3.7517002867725058
180,23.63873184066494,6.674203560918661,10.235869847690878,6.728658432055401,6.674203560918661
181,23.63513776531606,6.688047120912506,9.233744723058912,7.71334592134464,6.688047120912506
182,23.634178096824133,6.674203560918661,9.233744723058912,7.72622981284656,6.674203560918661
183,23.630619175880142,6.688047120912506,10.213913622912234,6.728658432055401,6.688047120912506
184,23.629265729912873,3.7517002867725058,9.233744723058912,10.643820720081457,3.7517002867725058
185,23.621294205322215,6.674203560918661,9.233744723058912,7.71334592134464,6.674203560918661
186,23.617803909606426,3.7517002867725058,9.233744723058912,10.632358899775008,3.7517002867725058
187,23.616775615886297,6.674203560918661,10.213913622912234,6.728658432055401,6.674203560918661
188,23.604920018104508,3.7517002867725058,9.233744723058912,10.619475008273088,3.7517002867725058
189,23.593618029097815,6.728658432055401,8.422664894535574,6.728658432055401,8.44229470250684
190,23.580460333968823,6.728658432055401,8.40950719940658,6.728658432055401,8.44229470250684
191,23.57977446910397,6.728658432055401,8.422664894535574,6.728658432055401,8.428451142512996
192,23.57166180431917,6.728658432055401,8.400708669756929,6.728658432055401,8.44229470250684
193,23.566616773974978,6.728658432055401,8.40950719940658,6.728658432055401,8.428451142512996
194,23.558504109190174,6.728658432055401,8.387550974627935,6.728658432055401,8.44229470250684
195,23.557818244325325,6.728658432055401,8.400708669756929,6.728658432055401,8.428451142512996
196,23.554765138092407,3.798183633318583,13.06853438386132,3.798183633318583,6.688047120912506
197,23.548893102689227,3.7517002867725058,13.06853438386132,6.728658432055401,3.7517002867725058
198,23.54466054919633,6.728658432055401,8.387550974627935,6.728658432055401,8.428451142512996
199,23.540921578098562,3.798183633318583,13.06853438386132,3.798183633318583,6.674203560918661
200,23.532808913313765,3.798183633318583,13.046578159082674,3.798183633318583,6.688047120912506
