drone_id,missile_id,generation,proximity_best,duration_best_s,final_coarse_full_s
FY1,M1,0,-0.09030340118004097,4.77747866597681,
FY1,M1,1,-0.09030340118004097,4.77747866597681,
FY1,M1,2,-0.09030340118004097,4.77747866597681,
FY1,M1,3,-0.09030340118004097,4.77747866597681,
FY1,M1,4,-0.09030340118004097,4.77747866597681,
FY1,M1,5,-0.09030340118004097,4.77747866597681,
FY1,M1,6,-0.09030340118004097,4.77747866597681,
FY1,M1,7,-0.09030340118004097,4.77747866597681,
FY1,M1,8,-0.09030340118004097,4.77747866597681,
FY1,M1,9,-0.09030340118004097,4.77747866597681,
FY1,M1,10,-0.09030340118004097,4.77747866597681,
FY1,M1,11,-0.09030340118004097,4.77747866597681,
FY1,M1,12,-0.09030340118004097,4.792819949353344,
FY1,M1,13,-0.09030340118004097,4.792819949353344,
FY1,M1,14,-0.09030340118004097,4.792819949353344,
FY1,M1,15,-0.09030340118004097,4.792819949353344,
FY1,M1,16,-0.09030340118004097,4.792819949353344,
FY1,M1,17,-0.09030340118004097,4.792819949353344,
FY1,M1,18,-0.09030340118004097,4.792819949353344,
FY1,M1,19,-0.09030340118004097,4.797125333794268,
FY1,M1,20,-0.09030340118004097,4.807128067390504,
FY1,M1,21,-0.09030340118004097,4.807128067390504,
FY1,M1,22,-0.09030340118004097,4.807128067390504,
FY1,M1,23,-0.09030340118004097,4.809675993915045,
FY1,M1,24,-0.09030340118004097,4.809675993915045,
FY1,M1,25,-0.09030340118004097,4.809675993915045,
FY1,M1,26,-0.09030340118004097,4.809675993915045,
FY1,M1,27,-0.09030340118004097,4.809675993915045,
FY1,M1,28,-0.09030340118004097,4.809675993915045,
FY1,M1,29,-0.09030340118004097,4.809675993915045,
FY1,M1,30,-0.09030340118004097,4.810895397265428,
FY1,M1,31,-0.09030340118004097,4.810895397265428,
FY1,M1,32,-0.09030340118004097,4.810895397265428,
FY1,M1,33,-0.09030340118004097,4.814843581374225,
FY1,M1,34,-0.09030340118004097,4.814843581374225,
FY1,M1,35,-0.09030340118004097,4.814843581374225,
FY1,M1,36,-0.09030340118004097,4.814843581374225,
FY1,M1,37,-0.09030340118004097,4.817378224302655,
FY1,M1,38,-0.09030340118004097,4.817378224302655,
FY1,M1,39,-0.09030340118004097,4.817378224302655,
FY1,M1,40,-0.09030340118004097,4.817639858042254,
FY1,M1,41,-0.09030340118004097,4.818162157499133,
FY1,M1,42,-0.09030340118004097,4.818162157499133,
FY1,M1,43,-0.09030340118004097,4.818162157499133,
FY1,M1,44,-0.09030340118004097,4.822087400627259,
FY1,M1,45,-0.08994470838535075,4.822087400627259,
FY1,M1,46,-0.07802660115392861,4.822087400627259,
FY1,M1,47,-0.07802660115392861,4.822087400627259,
FY1,M1,48,-0.07802660115392861,4.822382737546275,
FY1,M1,49,-0.07802660115392861,4.82757943746834,
FY1,M1,50,-0.07802660115392861,4.827956484460583,
FY1,M1,51,-0.07802660115392861,4.827956484460583,
FY1,M1,52,-0.07802660115392861,4.827956484460583,
FY1,M1,53,-0.07802660115392861,4.827956484460583,
FY1,M1,54,-0.07802660115392861,4.827956484460583,
FY1,M1,55,-0.07802660115392861,4.827956484460583,
FY1,M1,56,-0.07802660115392861,4.827956484460583,
FY1,M1,57,-0.07802660115392861,4.8304488416778835,
FY1,M1,58,-0.07802660115392861,4.8304488416778835,
FY1,M1,59,-0.07802660115392861,4.8304488416778835,
FY1,M1,60,-0.012669112387132597,4.8304488416778835,
FY1,M1,61,-0.012669112387132597,4.8304488416778835,
FY1,M1,62,-0.012669112387132597,4.8304488416778835,
FY1,M1,63,-0.012669112387132597,4.8304488416778835,
FY1,M1,64,-0.012669112387132597,4.8304488416778835,
FY1,M1,65,-0.012669112387132597,4.8315650821860485,
FY1,M1,66,,4.8315650821860485,
FY1,M1,67,,4.8315650821860485,
FY1,M1,68,,4.8315650821860485,
FY1,M1,69,,4.8315650821860485,
FY1,M1,70,,4.8315650821860485,
FY1,M1,71,,4.8315650821860485,
FY1,M1,72,,4.8315650821860485,
FY1,M1,73,,4.8315650821860485,
FY1,M1,74,,4.8315650821860485,
FY1,M1,75,,4.8315650821860485,
FY1,M1,76,,4.8315650821860485,
FY1,M1,77,,4.8315650821860485,
FY1,M1,78,,4.8315650821860485,
FY1,M1,79,,4.8315650821860485,
FY1,M1,80,,4.831702407167675,
FY1,M1,81,,4.831702407167675,
FY1,M1,82,,4.831702407167675,
FY1,M1,83,,4.831702407167675,
FY1,M1,84,,4.831787552319311,
FY1,M1,85,,4.831787552319311,
FY1,M1,86,,4.831787552319311,
FY1,M1,87,,4.831957810204944,
FY1,M1,88,,4.832218365633226,
FY1,M1,89,,4.832218365633226,
FY1,M1,90,,4.832218365633226,4.587998887538302
FY1,M2,0,-276.6409878589711,0.0,
FY1,M2,1,-194.13599676548205,0.0,
FY1,M2,2,-194.13599676548205,0.0,
FY1,M2,3,-194.13599676548205,0.0,
FY1,M2,4,-194.13599676548205,0.0,
FY1,M2,5,-194.13599676548205,0.0,
FY1,M2,6,-194.13599676548205,0.0,
FY1,M2,7,-194.13599676548205,0.0,
FY1,M2,8,-194.13599676548205,0.0,
FY1,M2,9,-181.66960576103997,0.0,
FY1,M2,10,-154.05420167472147,0.0,
FY1,M2,11,-120.75656645601559,0.0,
FY1,M2,12,-118.38568271760265,0.0,
FY1,M2,13,-102.33700178313357,0.0,
FY1,M2,14,-102.33700178313357,0.0,
FY1,M2,15,-102.33700178313357,0.0,
FY1,M2,16,-102.33700178313357,0.0,
FY1,M2,17,-102.33700178313357,0.0,
FY1,M2,18,-97.26325381280884,0.0,
FY1,M2,19,-95.83810053710818,0.0,
FY1,M2,20,-93.40909721468135,0.0,
FY1,M2,21,-93.40909721468135,0.0,
FY1,M2,22,-88.15049802891751,0.0,
FY1,M2,23,-88.15049802891751,0.0,
FY1,M2,24,-86.77754051795075,0.0,
FY1,M2,25,-86.77754051795075,0.0,
FY1,M2,26,-86.77754051795075,0.0,
FY1,M2,27,-86.77754051795075,0.0,
FY1,M2,28,-85.17354507959605,0.0,
FY1,M2,29,-83.34657029105915,0.0,
FY1,M2,30,-83.34657029105915,0.0,
FY1,M2,31,-82.73657014015689,0.0,
FY1,M2,32,-82.73657014015689,0.0,
FY1,M2,33,-82.73657014015689,0.0,
FY1,M2,34,-82.73657014015689,0.0,
FY1,M2,35,-82.50818100784608,0.0,
FY1,M2,36,-82.50818100784608,0.0,
FY1,M2,37,-82.50818100784608,0.0,
FY1,M2,38,-82.50818100784608,0.0,
FY1,M2,39,-82.50818100784608,0.0,
FY1,M2,40,-82.50818100784608,0.0,
FY1,M2,41,-82.50818100784608,0.0,
FY1,M2,42,-82.50099856853024,0.0,
FY1,M2,43,-82.50099856853024,0.0,
FY1,M2,44,-82.49794881169349,0.0,
FY1,M2,45,-82.49067288036343,0.0,
FY1,M2,46,-82.49067288036343,0.0,
FY1,M2,47,-82.49067288036343,0.0,
FY1,M2,48,-82.48958379183223,0.0,
FY1,M2,49,-82.48958379183223,0.0,
FY1,M2,50,-82.48958379183223,0.0,
FY1,M2,51,-82.48958379183223,0.0,
FY1,M2,52,-82.48958379183223,0.0,
FY1,M2,53,-82.48955049015777,0.0,
FY1,M2,54,-82.48944368205002,0.0,
FY1,M2,55,-82.48944368205002,0.0,
FY1,M2,56,-82.48944368205002,0.0,
FY1,M2,57,-82.48944368205002,0.0,
FY1,M2,58,-82.48944368205002,0.0,
FY1,M2,59,-82.48944263780024,0.0,
FY1,M2,60,-82.48944263780024,0.0,
FY1,M2,61,-82.48942501833604,0.0,
FY1,M2,62,-82.48942501833604,0.0,
FY1,M2,63,-82.48942024705845,0.0,
FY1,M2,64,-82.48942024705845,0.0,
FY1,M2,65,-82.48942024705845,0.0,
FY1,M2,66,,0.0,
FY1,M2,67,,0.0,
FY1,M2,68,,0.0,
FY1,M2,69,,0.0,
FY1,M2,70,,0.0,
FY1,M2,71,,0.0,
FY1,M2,72,,0.0,
FY1,M2,73,,0.0,
FY1,M2,74,,0.0,
FY1,M2,75,,0.0,
FY1,M2,76,,0.0,
FY1,M2,77,,0.0,
FY1,M2,78,,0.0,
FY1,M2,79,,0.0,
FY1,M2,80,,0.0,
FY1,M2,81,,0.0,
FY1,M2,82,,0.0,
FY1,M2,83,,0.0,
FY1,M2,84,,0.0,
FY1,M2,85,,0.0,
FY1,M2,86,,0.0,
FY1,M2,87,,0.0,
FY1,M2,88,,0.0,
FY1,M2,89,,0.0,
FY1,M2,90,,0.0,0.0
FY1,M3,0,-528.0404808947815,0.0,
FY1,M3,1,-521.2980331468071,0.0,
FY1,M3,2,-467.5280005283311,0.0,
FY1,M3,3,-467.5280005283311,0.0,
FY1,M3,4,-434.4143769023253,0.0,
FY1,M3,5,-434.4143769023253,0.0,
FY1,M3,6,-432.7203093455034,0.0,
FY1,M3,7,-432.7203093455034,0.0,
FY1,M3,8,-426.24744681963176,0.0,
FY1,M3,9,-426.24744681963176,0.0,
FY1,M3,10,-426.24744681963176,0.0,
FY1,M3,11,-426.24744681963176,0.0,
FY1,M3,12,-423.8537480524374,0.0,
FY1,M3,13,-423.8537480524374,0.0,
FY1,M3,14,-423.8537480524374,0.0,
FY1,M3,15,-423.0736854457825,0.0,
FY1,M3,16,-423.0736854457825,0.0,
FY1,M3,17,-423.0736854457825,0.0,
FY1,M3,18,-423.0736854457825,0.0,
FY1,M3,19,-423.0736854457825,0.0,
FY1,M3,20,-422.9184489842259,0.0,
FY1,M3,21,-422.7352020091128,0.0,
FY1,M3,22,-422.7352020091128,0.0,
FY1,M3,23,-422.7352020091128,0.0,
FY1,M3,24,-422.7352020091128,0.0,
FY1,M3,25,-422.7352020091128,0.0,
FY1,M3,26,-422.70060589886634,0.0,
FY1,M3,27,-422.70060589886634,0.0,
FY1,M3,28,-422.6843335682659,0.0,
FY1,M3,29,-422.6843335682659,0.0,
FY1,M3,30,-422.6821191604898,0.0,
FY1,M3,31,-422.68015548070633,0.0,
FY1,M3,32,-422.68015548070633,0.0,
FY1,M3,33,-422.68015548070633,0.0,
FY1,M3,34,-422.68015548070633,0.0,
FY1,M3,35,-422.68015548070633,0.0,
FY1,M3,36,-422.6801152838258,0.0,
FY1,M3,37,-422.6801152838258,0.0,
FY1,M3,38,-422.6801152838258,0.0,
FY1,M3,39,-422.6801152838258,0.0,
FY1,M3,40,-422.6801152838258,0.0,
FY1,M3,41,-422.68005562816023,0.0,
FY1,M3,42,-422.68005562816023,0.0,
FY1,M3,43,-422.68005562816023,0.0,
FY1,M3,44,-422.68005562816023,0.0,
FY1,M3,45,-422.68005456695676,0.0,
FY1,M3,46,-422.68005456695676,0.0,
FY1,M3,47,-422.6800545427045,0.0,
FY1,M3,48,-422.6800545427045,0.0,
FY1,M3,49,-422.68005191225325,0.0,
FY1,M3,50,-422.68005191225325,0.0,
FY1,M3,51,-422.68005191225325,0.0,
FY1,M3,52,-422.68005096035563,0.0,
FY1,M3,53,-422.68005096035563,0.0,
FY1,M3,54,-422.68005096035563,0.0,
FY1,M3,55,-422.6800509387646,0.0,
FY1,M3,56,-422.6800509387646,0.0,
FY1,M3,57,-422.68005090800966,0.0,
FY1,M3,58,-422.6800508663218,0.0,
FY1,M3,59,-422.6800508578193,0.0,
FY1,M3,60,-422.680050833355,0.0,
FY1,M3,61,-422.680050833355,0.0,
FY1,M3,62,-422.6800508227123,0.0,
FY1,M3,63,-422.68005081682844,0.0,
FY1,M3,64,-422.68005081682844,0.0,
FY1,M3,65,-422.68005080952753,0.0,
FY1,M3,66,,0.0,
FY1,M3,67,,0.0,
FY1,M3,68,,0.0,
FY1,M3,69,,0.0,
FY1,M3,70,,0.0,
FY1,M3,71,,0.0,
FY1,M3,72,,0.0,
FY1,M3,73,,0.0,
FY1,M3,74,,0.0,
FY1,M3,75,,0.0,
FY1,M3,76,,0.0,
FY1,M3,77,,0.0,
FY1,M3,78,,0.0,
FY1,M3,79,,0.0,
FY1,M3,80,,0.0,
FY1,M3,81,,0.0,
FY1,M3,82,,0.0,
FY1,M3,83,,0.0,
FY1,M3,84,,0.0,
FY1,M3,85,,0.0,
FY1,M3,86,,0.0,
FY1,M3,87,,0.0,
FY1,M3,88,,0.0,
FY1,M3,89,,0.0,
FY1,M3,90,,0.0,0.0
FY2,M1,0,-0.17800367491517077,4.663769432058105,
FY2,M1,1,-0.17800367491517077,4.663769432058105,
FY2,M1,2,-0.17800367491517077,4.663769432058105,
FY2,M1,3,-0.17800367491517077,4.663769432058105,
FY2,M1,4,-0.17800367491517077,4.663769432058105,
FY2,M1,5,-0.17800367491517077,4.663769432058105,
FY2,M1,6,-0.17800367491517077,4.663769432058105,
FY2,M1,7,-0.17800367491517077,4.663769432058105,
FY2,M1,8,-0.17800367491517077,4.663769432058105,
FY2,M1,9,-0.17800367491517077,4.663769432058105,
FY2,M1,10,-0.17800367491517077,4.663769432058105,
FY2,M1,11,-0.17800367491517077,4.663769432058105,
FY2,M1,12,-0.17800367491517077,4.663769432058105,
FY2,M1,13,-0.17800367491517077,4.663769432058105,
FY2,M1,14,-0.17800367491517077,4.663769432058105,
FY2,M1,15,-0.17800367491517077,4.663769432058105,
FY2,M1,16,-0.17800367491517077,4.663769432058105,
FY2,M1,17,-0.17800367491517077,4.663769432058105,
FY2,M1,18,-0.17800367491517077,4.663769432058105,
FY2,M1,19,-0.17800367491517077,4.663769432058105,
FY2,M1,20,-0.17800367491517077,4.663769432058105,
FY2,M1,21,-0.17800367491517077,4.663769432058105,
FY2,M1,22,-0.17800367491517077,4.663769432058105,
FY2,M1,23,-0.17800367491517077,4.663769432058105,
FY2,M1,24,-0.17800367491517077,4.663769432058105,
FY2,M1,25,-0.17800367491517077,4.663769432058105,
FY2,M1,26,-0.17800367491517077,4.663769432058105,
FY2,M1,27,-0.17800367491517077,4.663769432058105,
FY2,M1,28,-0.17800367491517077,4.663769432058105,
FY2,M1,29,-0.17800367491517077,4.663769432058105,
FY2,M1,30,-0.17800367491517077,4.663769432058105,
FY2,M1,31,-0.17800367491517077,4.663769432058105,
FY2,M1,32,-0.17800367491517077,4.663769432058105,
FY2,M1,33,-0.17800367491517077,4.663769432058105,
FY2,M1,34,-0.17800367491517077,4.663769432058105,
FY2,M1,35,-0.17800367491517077,4.663769432058105,
FY2,M1,36,-0.17800367491517077,4.663769432058105,
FY2,M1,37,-0.17800367491517077,4.663769432058105,
FY2,M1,38,-0.17800367491517077,4.663769432058105,
FY2,M1,39,-0.17800367491517077,4.663769432058105,
FY2,M1,40,-0.17800367491517077,4.663769432058105,
FY2,M1,41,-0.17800367491517077,4.663769432058105,
FY2,M1,42,-0.17800367491517077,4.663769432058105,
FY2,M1,43,-0.17800367491517077,4.663769432058105,
FY2,M1,44,-0.17800367491517077,4.663769432058105,
FY2,M1,45,-0.17800367491517077,4.663769432058105,
FY2,M1,46,-0.17800367491517077,4.663769432058105,
FY2,M1,47,-0.17800367491517077,4.663769432058105,
FY2,M1,48,-0.17800367491517077,4.663769432058105,
FY2,M1,49,-0.17800367491517077,4.663769432058105,
FY2,M1,50,-0.17800367491517077,4.663769432058105,
FY2,M1,51,-0.17800367491517077,4.663769432058105,
FY2,M1,52,-0.17800367491517077,4.663769432058105,
FY2,M1,53,-0.17800367491517077,4.663769432058105,
FY2,M1,54,-0.17800367491517077,4.663769432058105,
FY2,M1,55,-0.17800367491517077,4.663769432058105,
FY2,M1,56,-0.17800367491517077,4.663769432058105,
FY2,M1,57,-0.17800367491517077,4.663769432058105,
FY2,M1,58,-0.17800367491517077,4.663769432058105,
FY2,M1,59,-0.17800367491517077,4.663769432058105,
FY2,M1,60,-0.17800367491517077,4.663769432058105,
FY2,M1,61,-0.08318321336030429,4.663769432058105,
FY2,M1,62,-0.08318321336030429,4.663769432058105,
FY2,M1,63,-0.08318321336030429,4.663769432058105,
FY2,M1,64,-0.08318321336030429,4.663769432058105,
FY2,M1,65,-0.08318321336030429,4.663769432058105,
FY2,M1,66,,4.663769432058105,
FY2,M1,67,,4.663769432058105,
FY2,M1,68,,4.663769432058105,
FY2,M1,69,,4.663769432058105,
FY2,M1,70,,4.663769432058105,
FY2,M1,71,,4.663769432058105,
FY2,M1,72,,4.663769432058105,
FY2,M1,73,,4.663769432058105,
FY2,M1,74,,4.663769432058105,
FY2,M1,75,,4.663769432058105,
FY2,M1,76,,4.663769432058105,
FY2,M1,77,,4.663769432058105,
FY2,M1,78,,4.663769432058105,
FY2,M1,79,,4.663769432058105,
FY2,M1,80,,4.663769432058105,
FY2,M1,81,,4.663769432058105,
FY2,M1,82,,4.663769432058105,
FY2,M1,83,,4.663769432058105,
FY2,M1,84,,4.663769432058105,
FY2,M1,85,,4.663769432058105,
FY2,M1,86,,4.663769432058105,
FY2,M1,87,,4.663769432058105,
FY2,M1,88,,4.663769432058105,
FY2,M1,89,,4.663769432058105,
FY2,M1,90,,4.663769432058105,3.928341960269286
FY2,M2,0,-90.36706539638337,4.647489888653597,
FY2,M2,1,-90.36706539638337,4.647489888653597,
FY2,M2,2,-90.36706539638337,4.647489888653597,
FY2,M2,3,-90.36706539638337,4.647489888653597,
FY2,M2,4,-90.36706539638337,4.647489888653597,
FY2,M2,5,-90.36706539638337,4.647489888653597,
FY2,M2,6,-66.22732890180735,4.647489888653597,
FY2,M2,7,-66.22732890180735,4.647489888653597,
FY2,M2,8,-5.034201892095212,4.647489888653597,
FY2,M2,9,-5.034201892095212,4.647489888653597,
FY2,M2,10,-5.034201892095212,4.647489888653597,
FY2,M2,11,-5.034201892095212,4.647489888653597,
FY2,M2,12,-5.034201892095212,4.647489888653597,
FY2,M2,13,-5.034201892095212,4.647489888653597,
FY2,M2,14,-5.034201892095212,4.647489888653597,
FY2,M2,15,-1.5417118318575553,4.647489888653597,
FY2,M2,16,-1.5417118318575553,4.647489888653597,
FY2,M2,17,-1.5417118318575553,4.647489888653597,
FY2,M2,18,-1.5417118318575553,4.647489888653597,
FY2,M2,19,-1.5417118318575553,4.647489888653597,
FY2,M2,20,-1.5417118318575553,4.647489888653597,
FY2,M2,21,-1.5417118318575553,4.647489888653597,
FY2,M2,22,-0.7048720699498494,4.647489888653597,
FY2,M2,23,-0.7048720699498494,4.647489888653597,
FY2,M2,24,-0.7048720699498494,4.647489888653597,
FY2,M2,25,-0.7048720699498494,4.647489888653597,
FY2,M2,26,-0.7048720699498494,4.647489888653597,
FY2,M2,27,-0.7048720699498494,4.647489888653597,
FY2,M2,28,-0.7048720699498494,4.647489888653597,
FY2,M2,29,-0.7048720699498494,4.647489888653597,
FY2,M2,30,-0.7048720699498494,4.647489888653597,
FY2,M2,31,-0.544379512134326,4.647489888653597,
FY2,M2,32,-0.544379512134326,4.647489888653597,
FY2,M2,33,-0.544379512134326,4.647489888653597,
FY2,M2,34,-0.544379512134326,4.647489888653597,
FY2,M2,35,-0.544379512134326,4.647489888653597,
FY2,M2,36,-0.544379512134326,4.647489888653597,
FY2,M2,37,-0.544379512134326,4.647489888653597,
FY2,M2,38,-0.544379512134326,4.647489888653597,
FY2,M2,39,-0.544379512134326,4.647489888653597,
FY2,M2,40,-0.544379512134326,4.647489888653597,
FY2,M2,41,-0.544379512134326,4.647489888653597,
FY2,M2,42,-0.544379512134326,4.647489888653597,
FY2,M2,43,-0.544379512134326,4.647489888653597,
FY2,M2,44,-0.3403262346367932,4.647489888653597,
FY2,M2,45,-0.3403262346367932,4.647489888653597,
FY2,M2,46,-0.3403262346367932,4.647489888653597,
FY2,M2,47,-0.3403262346367932,4.647489888653597,
FY2,M2,48,-0.3403262346367932,4.647489888653597,
FY2,M2,49,-0.3403262346367932,4.647489888653597,
FY2,M2,50,-0.3403262346367932,4.647489888653597,
FY2,M2,51,-0.3403262346367932,4.647489888653597,
FY2,M2,52,-0.3403262346367932,4.647489888653597,
FY2,M2,53,-0.3403262346367932,4.647489888653597,
FY2,M2,54,-0.3403262346367932,4.647489888653597,
FY2,M2,55,-0.3403262346367932,4.647489888653597,
FY2,M2,56,-0.3403262346367932,4.647489888653597,
FY2,M2,57,-0.3403262346367932,4.647489888653597,
FY2,M2,58,-0.3403262346367932,4.647489888653597,
FY2,M2,59,-0.3403262346367932,4.647489888653597,
FY2,M2,60,-0.3403262346367932,4.647489888653597,
FY2,M2,61,-0.3403262346367932,4.647489888653597,
FY2,M2,62,-0.3403262346367932,4.647489888653597,
FY2,M2,63,-0.3403262346367932,4.647489888653597,
FY2,M2,64,-0.3403262346367932,4.647489888653597,
FY2,M2,65,-0.3403262346367932,4.647489888653597,
FY2,M2,66,,4.647489888653597,
FY2,M2,67,,4.647489888653597,
FY2,M2,68,,4.647489888653597,
FY2,M2,69,,4.647489888653597,
FY2,M2,70,,4.647489888653597,
FY2,M2,71,,4.647489888653597,
FY2,M2,72,,4.647489888653597,
FY2,M2,73,,4.647489888653597,
FY2,M2,74,,4.647489888653597,
FY2,M2,75,,4.647489888653597,
FY2,M2,76,,4.647489888653597,
FY2,M2,77,,4.647489888653597,
FY2,M2,78,,4.647489888653597,
FY2,M2,79,,4.647489888653597,
FY2,M2,80,,4.647489888653597,
FY2,M2,81,,4.647489888653597,
FY2,M2,82,,4.647489888653597,
FY2,M2,83,,4.647489888653597,
FY2,M2,84,,4.647489888653597,
FY2,M2,85,,4.647489888653597,
FY2,M2,86,,4.647489888653597,
FY2,M2,87,,4.647489888653597,
FY2,M2,88,,4.647489888653597,
FY2,M2,89,,4.647489888653597,
FY2,M2,90,,4.647489888653597,3.9341941293571807
FY2,M3,0,-497.59168427246715,4.048475746009773,
FY2,M3,1,-497.4854041418447,4.048475746009773,
FY2,M3,2,-292.47894858003673,4.048475746009773,
FY2,M3,3,-292.47894858003673,4.048475746009773,
FY2,M3,4,-38.622272207082254,4.048475746009773,
FY2,M3,5,-38.622272207082254,4.048475746009773,
FY2,M3,6,-38.622272207082254,4.048475746009773,
FY2,M3,7,-38.622272207082254,4.048475746009773,
FY2,M3,8,-38.622272207082254,4.048475746009773,
FY2,M3,9,-20.69207115560618,4.048475746009773,
FY2,M3,10,-20.69207115560618,4.048475746009773,
FY2,M3,11,-20.69207115560618,4.048475746009773,
FY2,M3,12,-20.69207115560618,4.048475746009773,
FY2,M3,13,-20.69207115560618,4.048475746009773,
FY2,M3,14,-20.69207115560618,4.048475746009773,
FY2,M3,15,-20.69207115560618,4.048475746009773,
FY2,M3,16,-20.69207115560618,4.048475746009773,
FY2,M3,17,-20.69207115560618,4.048475746009773,
FY2,M3,18,-20.69207115560618,4.048475746009773,
FY2,M3,19,-20.69207115560618,4.048475746009773,
FY2,M3,20,-18.243548820545573,4.048475746009773,
FY2,M3,21,-18.243548820545573,4.048475746009773,
FY2,M3,22,-18.243548820545573,4.048475746009773,
FY2,M3,23,-16.550440949156314,4.048475746009773,
FY2,M3,24,-16.550440949156314,4.048475746009773,
FY2,M3,25,-16.550440949156314,4.048475746009773,
FY2,M3,26,-16.550440949156314,4.048475746009773,
FY2,M3,27,-16.550440949156314,4.048475746009773,
FY2,M3,28,-16.550440949156314,4.048475746009773,
FY2,M3,29,-16.550440949156314,4.048475746009773,
FY2,M3,30,-16.550440949156314,4.048475746009773,
FY2,M3,31,-5.729709312019112,4.048475746009773,
FY2,M3,32,-5.729709312019112,4.048475746009773,
FY2,M3,33,-5.729709312019112,4.048475746009773,
FY2,M3,34,-5.729709312019112,4.048475746009773,
FY2,M3,35,-5.333080294981287,4.048475746009773,
FY2,M3,36,-5.333080294981287,4.048475746009773,
FY2,M3,37,-5.333080294981287,4.048475746009773,
FY2,M3,38,-5.333080294981287,4.048475746009773,
FY2,M3,39,-5.333080294981287,4.048475746009773,
FY2,M3,40,-5.333080294981287,4.048475746009773,
FY2,M3,41,-5.333080294981287,4.048475746009773,
FY2,M3,42,-5.333080294981287,4.048475746009773,
FY2,M3,43,-5.333080294981287,4.048475746009773,
FY2,M3,44,-5.333080294981287,4.048475746009773,
FY2,M3,45,-3.3098883330221556,4.048475746009773,
FY2,M3,46,-1.885690772646824,4.048475746009773,
FY2,M3,47,-1.4736346422125788,4.048475746009773,
FY2,M3,48,-1.4736346422125788,4.048475746009773,
FY2,M3,49,-1.4736346422125788,4.048475746009773,
FY2,M3,50,-1.4736346422125788,4.048475746009773,
FY2,M3,51,-1.4736346422125788,4.048475746009773,
FY2,M3,52,-1.4736346422125788,4.048475746009773,
FY2,M3,53,-1.4736346422125788,4.048475746009773,
FY2,M3,54,-1.4736346422125788,4.048475746009773,
FY2,M3,55,-1.4736346422125788,4.048475746009773,
FY2,M3,56,-1.4736346422125788,4.048475746009773,
FY2,M3,57,-1.4736346422125788,4.048475746009773,
FY2,M3,58,-1.4736346422125788,4.048475746009773,
FY2,M3,59,-1.4736346422125788,4.048475746009773,
FY2,M3,60,-1.4736346422125788,4.048475746009773,
FY2,M3,61,-1.4736346422125788,4.048475746009773,
FY2,M3,62,-1.4736346422125788,4.048475746009773,
FY2,M3,63,-1.4736346422125788,4.048475746009773,
FY2,M3,64,-0.2456500660940925,4.048475746009773,
FY2,M3,65,-0.2456500660940925,4.048475746009773,
FY2,M3,66,,4.048475746009773,
FY2,M3,67,,4.048475746009773,
FY2,M3,68,,4.048475746009773,
FY2,M3,69,,4.048475746009773,
FY2,M3,70,,4.048475746009773,
FY2,M3,71,,4.048475746009773,
FY2,M3,72,,4.048475746009773,
FY2,M3,73,,4.048475746009773,
FY2,M3,74,,4.048475746009773,
FY2,M3,75,,4.048475746009773,
FY2,M3,76,,4.048475746009773,
FY2,M3,77,,4.048475746009773,
FY2,M3,78,,4.048475746009773,
FY2,M3,79,,4.048475746009773,
FY2,M3,80,,4.048475746009773,
FY2,M3,81,,4.048475746009773,
FY2,M3,82,,4.048475746009773,
FY2,M3,83,,4.048475746009773,
FY2,M3,84,,4.048475746009773,
FY2,M3,85,,4.048475746009773,
FY2,M3,86,,4.048475746009773,
FY2,M3,87,,4.048475746009773,
FY2,M3,88,,4.048475746009773,
FY2,M3,89,,4.048475746009773,
FY2,M3,90,,4.048475746009773,3.676657409732405
FY3,M1,0,-0.1067982010688344,4.218271275180022,
FY3,M1,1,-0.1067982010688344,4.218271275180022,
FY3,M1,2,-0.1067982010688344,4.218271275180022,
FY3,M1,3,-0.1067982010688344,4.218271275180022,
FY3,M1,4,-0.1067982010688344,4.218271275180022,
FY3,M1,5,-0.1067982010688344,4.218271275180022,
FY3,M1,6,-0.1067982010688344,4.218271275180022,
FY3,M1,7,-0.1067982010688344,4.218271275180022,
FY3,M1,8,-0.1067982010688344,4.218271275180022,
FY3,M1,9,-0.1067982010688344,4.218271275180022,
FY3,M1,10,-0.1067982010688344,4.218271275180022,
FY3,M1,11,-0.1067982010688344,4.218271275180022,
FY3,M1,12,-0.1067982010688344,4.218271275180022,
FY3,M1,13,-0.1067982010688344,4.218271275180022,
FY3,M1,14,-0.1067982010688344,4.218271275180022,
FY3,M1,15,-0.1067982010688344,4.218271275180022,
FY3,M1,16,-0.1067982010688344,4.218271275180022,
FY3,M1,17,-0.1067982010688344,4.218271275180022,
FY3,M1,18,-0.1067982010688344,4.218271275180022,
FY3,M1,19,-0.1067982010688344,4.218271275180022,
FY3,M1,20,-0.1067982010688344,4.218271275180022,
FY3,M1,21,-0.1067982010688344,4.218271275180022,
FY3,M1,22,-0.1067982010688344,4.218271275180022,
FY3,M1,23,-0.1067982010688344,4.218271275180022,
FY3,M1,24,-0.1067982010688344,4.218271275180022,
FY3,M1,25,-0.1067982010688344,4.218271275180022,
FY3,M1,26,-0.1067982010688344,4.218271275180022,
FY3,M1,27,-0.1067982010688344,4.218271275180022,
FY3,M1,28,-0.1067982010688344,4.218271275180022,
FY3,M1,29,-0.1067982010688344,4.218271275180022,
FY3,M1,30,-0.1067982010688344,4.218271275180022,
FY3,M1,31,-0.1067982010688344,4.218271275180022,
FY3,M1,32,-0.1067982010688344,4.218271275180022,
FY3,M1,33,-0.1067982010688344,4.218271275180022,
FY3,M1,34,-0.1067982010688344,4.218271275180022,
FY3,M1,35,-0.1067982010688344,4.218271275180022,
FY3,M1,36,-0.1067982010688344,4.218271275180022,
FY3,M1,37,-0.1067982010688344,4.218271275180022,
FY3,M1,38,-0.1067982010688344,4.218271275180022,
FY3,M1,39,-0.1067982010688344,4.218271275180022,
FY3,M1,40,-0.1067982010688344,4.218271275180022,
FY3,M1,41,-0.1067982010688344,4.218271275180022,
FY3,M1,42,-0.1067982010688344,4.218271275180022,
FY3,M1,43,-0.1067982010688344,4.218271275180022,
FY3,M1,44,-0.1067982010688344,4.218271275180022,
FY3,M1,45,-0.1067982010688344,4.218271275180022,
FY3,M1,46,-0.1067982010688344,4.218271275180022,
FY3,M1,47,-0.1067982010688344,4.218271275180022,
FY3,M1,48,-0.1067982010688344,4.218271275180022,
FY3,M1,49,-0.1067982010688344,4.218271275180022,
FY3,M1,50,-0.1067982010688344,4.218271275180022,
FY3,M1,51,-0.1067982010688344,4.218271275180022,
FY3,M1,52,-0.1067982010688344,4.218271275180022,
FY3,M1,53,-0.1067982010688344,4.218271275180022,
FY3,M1,54,-0.1067982010688344,4.218271275180022,
FY3,M1,55,-0.1067982010688344,4.218271275180022,
FY3,M1,56,-0.1067982010688344,4.218271275180022,
FY3,M1,57,-0.1067982010688344,4.218271275180022,
FY3,M1,58,-0.1067982010688344,4.218271275180022,
FY3,M1,59,-0.1067982010688344,4.218271275180022,
FY3,M1,60,-0.1067982010688344,4.218271275180022,
FY3,M1,61,-0.1067982010688344,4.218271275180022,
FY3,M1,62,-0.1067982010688344,4.218271275180022,
FY3,M1,63,-0.1067982010688344,4.218271275180022,
FY3,M1,64,-0.1067982010688344,4.218271275180022,
FY3,M1,65,-0.1067982010688344,4.218271275180022,
FY3,M1,66,,4.218271275180022,
FY3,M1,67,,4.218271275180022,
FY3,M1,68,,4.218271275180022,
FY3,M1,69,,4.218271275180022,
FY3,M1,70,,4.218271275180022,
FY3,M1,71,,4.218271275180022,
FY3,M1,72,,4.218271275180022,
FY3,M1,73,,4.218271275180022,
FY3,M1,74,,4.218271275180022,
FY3,M1,75,,4.218271275180022,
FY3,M1,76,,4.2840176698044345,
FY3,M1,77,,4.2840176698044345,
FY3,M1,78,,4.2840176698044345,
FY3,M1,79,,4.2840176698044345,
FY3,M1,80,,4.2840176698044345,
FY3,M1,81,,4.2840176698044345,
FY3,M1,82,,4.2840176698044345,
FY3,M1,83,,4.2840176698044345,
FY3,M1,84,,4.2840176698044345,
FY3,M1,85,,4.2840176698044345,
FY3,M1,86,,4.2840176698044345,
FY3,M1,87,,4.2840176698044345,
FY3,M1,88,,4.2840176698044345,
FY3,M1,89,,4.2840176698044345,
FY3,M1,90,,4.2840176698044345,3.120526537777934
FY3,M2,0,-370.4890544747658,3.522406773412669,
FY3,M2,1,-370.4890544747658,3.522406773412669,
FY3,M2,2,-34.18205731876156,3.522406773412669,
FY3,M2,3,-34.18205731876156,3.522406773412669,
FY3,M2,4,-34.18205731876156,3.522406773412669,
FY3,M2,5,-34.18205731876156,3.522406773412669,
FY3,M2,6,-34.18205731876156,3.522406773412669,
FY3,M2,7,-34.18205731876156,3.522406773412669,
FY3,M2,8,-7.372238409233631,3.522406773412669,
FY3,M2,9,-7.372238409233631,3.522406773412669,
FY3,M2,10,-7.372238409233631,3.522406773412669,
FY3,M2,11,-7.372238409233631,3.522406773412669,
FY3,M2,12,-7.372238409233631,3.522406773412669,
FY3,M2,13,-7.372238409233631,3.522406773412669,
FY3,M2,14,-7.372238409233631,3.522406773412669,
FY3,M2,15,-7.372238409233631,3.522406773412669,
FY3,M2,16,-7.372238409233631,3.522406773412669,
FY3,M2,17,-7.372238409233631,3.522406773412669,
FY3,M2,18,-7.372238409233631,3.522406773412669,
FY3,M2,19,-7.372238409233631,3.522406773412669,
FY3,M2,20,-7.372238409233631,3.522406773412669,
FY3,M2,21,-7.372238409233631,3.522406773412669,
FY3,M2,22,-7.372238409233631,3.522406773412669,
FY3,M2,23,-2.46878314329207,3.522406773412669,
FY3,M2,24,-2.46878314329207,3.522406773412669,
FY3,M2,25,-2.46878314329207,3.522406773412669,
FY3,M2,26,-2.46878314329207,3.522406773412669,
FY3,M2,27,-2.46878314329207,3.522406773412669,
FY3,M2,28,-2.46878314329207,3.522406773412669,
FY3,M2,29,-2.46878314329207,3.522406773412669,
FY3,M2,30,-2.46878314329207,3.522406773412669,
FY3,M2,31,-2.46878314329207,3.522406773412669,
FY3,M2,32,-2.46878314329207,3.522406773412669,
FY3,M2,33,-2.46878314329207,3.522406773412669,
FY3,M2,34,-2.46878314329207,3.522406773412669,
FY3,M2,35,-2.46878314329207,3.522406773412669,
FY3,M2,36,-2.46878314329207,3.522406773412669,
FY3,M2,37,-2.46878314329207,3.522406773412669,
FY3,M2,38,-2.46878314329207,3.522406773412669,
FY3,M2,39,-2.46878314329207,3.522406773412669,
FY3,M2,40,-2.46878314329207,3.522406773412669,
FY3,M2,41,-1.7632782694626763,3.522406773412669,
FY3,M2,42,-0.406578460827551,3.522406773412669,
FY3,M2,43,-0.406578460827551,3.522406773412669,
FY3,M2,44,-0.406578460827551,3.522406773412669,
FY3,M2,45,-0.406578460827551,3.522406773412669,
FY3,M2,46,-0.406578460827551,3.522406773412669,
FY3,M2,47,-0.406578460827551,3.522406773412669,
FY3,M2,48,-0.406578460827551,3.522406773412669,
FY3,M2,49,-0.406578460827551,3.522406773412669,
FY3,M2,50,-0.406578460827551,3.522406773412669,
FY3,M2,51,-0.406578460827551,3.522406773412669,
FY3,M2,52,-0.406578460827551,3.522406773412669,
FY3,M2,53,-0.406578460827551,3.522406773412669,
FY3,M2,54,-0.406578460827551,3.522406773412669,
FY3,M2,55,-0.406578460827551,3.522406773412669,
FY3,M2,56,-0.406578460827551,3.522406773412669,
FY3,M2,57,-0.406578460827551,3.522406773412669,
FY3,M2,58,-0.406578460827551,3.522406773412669,
FY3,M2,59,-0.406578460827551,3.522406773412669,
FY3,M2,60,-0.1071326575996865,3.522406773412669,
FY3,M2,61,-0.1071326575996865,3.522406773412669,
FY3,M2,62,-0.1071326575996865,3.522406773412669,
FY3,M2,63,-0.1071326575996865,3.522406773412669,
FY3,M2,64,-0.1071326575996865,3.522406773412669,
FY3,M2,65,-0.1071326575996865,3.522406773412669,
FY3,M2,66,,3.522406773412669,
FY3,M2,67,,3.522406773412669,
FY3,M2,68,,3.522406773412669,
FY3,M2,69,,3.522406773412669,
FY3,M2,70,,3.522406773412669,
FY3,M2,71,,3.522406773412669,
FY3,M2,72,,3.522406773412669,
FY3,M2,73,,3.522406773412669,
FY3,M2,74,,3.522406773412669,
FY3,M2,75,,3.522406773412669,
FY3,M2,76,,3.522406773412669,
FY3,M2,77,,3.522406773412669,
FY3,M2,78,,3.522406773412669,
FY3,M2,79,,3.522406773412669,
FY3,M2,80,,3.522406773412669,
FY3,M2,81,,3.522406773412669,
FY3,M2,82,,3.522406773412669,
FY3,M2,83,,3.522406773412669,
FY3,M2,84,,3.522406773412669,
FY3,M2,85,,3.522406773412669,
FY3,M2,86,,3.522406773412669,
FY3,M2,87,,3.522406773412669,
FY3,M2,88,,3.522406773412669,
FY3,M2,89,,3.522406773412669,
FY3,M2,90,,3.522406773412669,2.9374509951679144
FY3,M3,0,-564.1834747357788,4.21741166235558,
FY3,M3,1,-350.38967824922906,4.21741166235558,
FY3,M3,2,-120.81298374684366,4.21741166235558,
FY3,M3,3,-120.81298374684366,4.21741166235558,
FY3,M3,4,-119.58867924780834,4.21741166235558,
FY3,M3,5,-119.58867924780834,4.21741166235558,
FY3,M3,6,-119.58867924780834,4.21741166235558,
FY3,M3,7,-89.80365496929187,4.21741166235558,
FY3,M3,8,-66.80817389262074,4.21741166235558,
FY3,M3,9,-66.80817389262074,4.21741166235558,
FY3,M3,10,-46.14814764928605,4.21741166235558,
FY3,M3,11,-15.00999999112708,4.21741166235558,
FY3,M3,12,-15.00999999112708,4.21741166235558,
FY3,M3,13,-2.0287145912130033,4.21741166235558,
FY3,M3,14,-2.0287145912130033,4.21741166235558,
FY3,M3,15,-2.0287145912130033,4.21741166235558,
FY3,M3,16,-2.0287145912130033,4.21741166235558,
FY3,M3,17,-2.0287145912130033,4.21741166235558,
FY3,M3,18,-2.0287145912130033,4.21741166235558,
FY3,M3,19,-2.0287145912130033,4.21741166235558,
FY3,M3,20,-2.0287145912130033,4.21741166235558,
FY3,M3,21,-2.0287145912130033,4.21741166235558,
FY3,M3,22,-2.0287145912130033,4.21741166235558,
FY3,M3,23,-2.0287145912130033,4.21741166235558,
FY3,M3,24,-2.0287145912130033,4.21741166235558,
FY3,M3,25,-2.0287145912130033,4.21741166235558,
FY3,M3,26,-2.0287145912130033,4.21741166235558,
FY3,M3,27,-2.0287145912130033,4.21741166235558,
FY3,M3,28,-2.0287145912130033,4.21741166235558,
FY3,M3,29,-2.0287145912130033,4.21741166235558,
FY3,M3,30,-0.6364884636476609,4.21741166235558,
FY3,M3,31,-0.6364884636476609,4.21741166235558,
FY3,M3,32,-0.6364884636476609,4.21741166235558,
FY3,M3,33,-0.6364884636476609,4.21741166235558,
FY3,M3,34,-0.6364884636476609,4.21741166235558,
FY3,M3,35,-0.6364884636476609,4.21741166235558,
FY3,M3,36,-0.6364884636476609,4.21741166235558,
FY3,M3,37,-0.6364884636476609,4.21741166235558,
FY3,M3,38,-0.6364884636476609,4.21741166235558,
FY3,M3,39,-0.6364884636476609,4.21741166235558,
FY3,M3,40,-0.6364884636476609,4.21741166235558,
FY3,M3,41,-0.6364884636476609,4.21741166235558,
FY3,M3,42,-0.6364884636476609,4.21741166235558,
FY3,M3,43,-0.6364884636476609,4.21741166235558,
FY3,M3,44,-0.6364884636476609,4.21741166235558,
FY3,M3,45,-0.6364884636476609,4.21741166235558,
FY3,M3,46,-0.6364884636476609,4.21741166235558,
FY3,M3,47,-0.5659385107698286,4.21741166235558,
FY3,M3,48,-0.5659385107698286,4.21741166235558,
FY3,M3,49,-0.5659385107698286,4.21741166235558,
FY3,M3,50,-0.5659385107698286,4.21741166235558,
FY3,M3,51,-0.5659385107698286,4.21741166235558,
FY3,M3,52,-0.455124990537071,4.21741166235558,
FY3,M3,53,-0.455124990537071,4.21741166235558,
FY3,M3,54,-0.455124990537071,4.21741166235558,
FY3,M3,55,-0.455124990537071,4.21741166235558,
FY3,M3,56,-0.455124990537071,4.21741166235558,
FY3,M3,57,-0.2553351434361894,4.21741166235558,
FY3,M3,58,-0.2553351434361894,4.21741166235558,
FY3,M3,59,-0.2553351434361894,4.21741166235558,
FY3,M3,60,-0.2553351434361894,4.21741166235558,
FY3,M3,61,-0.2553351434361894,4.21741166235558,
FY3,M3,62,-0.2553351434361894,4.21741166235558,
FY3,M3,63,-0.2553351434361894,4.21741166235558,
FY3,M3,64,-0.2553351434361894,4.21741166235558,
FY3,M3,65,-0.2553351434361894,4.21741166235558,
FY3,M3,66,,4.21741166235558,
FY3,M3,67,,4.21741166235558,
FY3,M3,68,,4.21741166235558,
FY3,M3,69,,4.21741166235558,
FY3,M3,70,,4.21741166235558,
FY3,M3,71,,4.21741166235558,
FY3,M3,72,,4.21741166235558,
FY3,M3,73,,4.21741166235558,
FY3,M3,74,,4.21741166235558,
FY3,M3,75,,4.21741166235558,
FY3,M3,76,,4.21741166235558,
FY3,M3,77,,4.21741166235558,
FY3,M3,78,,4.21741166235558,
FY3,M3,79,,4.21741166235558,
FY3,M3,80,,4.21741166235558,
FY3,M3,81,,4.21741166235558,
FY3,M3,82,,4.21741166235558,
FY3,M3,83,,4.21741166235558,
FY3,M3,84,,4.21741166235558,
FY3,M3,85,,4.21741166235558,
FY3,M3,86,,4.21741166235558,
FY3,M3,87,,4.21741166235558,
FY3,M3,88,,4.21741166235558,
FY3,M3,89,,4.21741166235558,
FY3,M3,90,,4.21741166235558,2.92822961824627
FY4,M1,0,-385.6315443957415,4.452825779188981,
FY4,M1,1,-221.15887280035486,4.452825779188981,
FY4,M1,2,-221.15887280035486,4.452825779188981,
FY4,M1,3,-213.9211411645208,4.452825779188981,
FY4,M1,4,-213.9211411645208,4.452825779188981,
FY4,M1,5,-213.9211411645208,4.452825779188981,
FY4,M1,6,-213.9211411645208,4.452825779188981,
FY4,M1,7,-150.15700967045916,4.452825779188981,
FY4,M1,8,-150.15700967045916,4.452825779188981,
FY4,M1,9,-150.15700967045916,4.452825779188981,
FY4,M1,10,-114.38723678945011,4.452825779188981,
FY4,M1,11,-114.38723678945011,4.452825779188981,
FY4,M1,12,-87.50554219256794,4.452825779188981,
FY4,M1,13,-87.50554219256794,4.452825779188981,
FY4,M1,14,-87.50554219256794,4.452825779188981,
FY4,M1,15,-87.50554219256794,4.452825779188981,
FY4,M1,16,-87.50554219256794,4.452825779188981,
FY4,M1,17,-87.50554219256794,4.452825779188981,
FY4,M1,18,-87.50554219256794,4.452825779188981,
FY4,M1,19,-87.50554219256794,4.452825779188981,
FY4,M1,20,-87.50554219256794,4.452825779188981,
FY4,M1,21,-87.50554219256794,4.452825779188981,
FY4,M1,22,-38.54045253898263,4.452825779188981,
FY4,M1,23,-32.76799087319728,4.452825779188981,
FY4,M1,24,-32.76799087319728,4.452825779188981,
FY4,M1,25,-32.76799087319728,4.452825779188981,
FY4,M1,26,-32.76799087319728,4.452825779188981,
FY4,M1,27,-32.76799087319728,4.452825779188981,
FY4,M1,28,-24.55159421298306,4.452825779188981,
FY4,M1,29,-5.203107877143151,4.452825779188981,
FY4,M1,30,-5.203107877143151,4.452825779188981,
FY4,M1,31,-5.203107877143151,4.452825779188981,
FY4,M1,32,-5.203107877143151,4.452825779188981,
FY4,M1,33,-5.203107877143151,4.452825779188981,
FY4,M1,34,-5.203107877143151,4.452825779188981,
FY4,M1,35,-5.203107877143151,4.452825779188981,
FY4,M1,36,-5.203107877143151,4.452825779188981,
FY4,M1,37,-5.203107877143151,4.452825779188981,
FY4,M1,38,-5.203107877143151,4.452825779188981,
FY4,M1,39,-3.681584375417008,4.452825779188981,
FY4,M1,40,-3.681584375417008,4.452825779188981,
FY4,M1,41,-3.681584375417008,4.452825779188981,
FY4,M1,42,-3.681584375417008,4.452825779188981,
FY4,M1,43,-3.681584375417008,4.452825779188981,
FY4,M1,44,-3.681584375417008,4.452825779188981,
FY4,M1,45,-3.681584375417008,4.452825779188981,
FY4,M1,46,-1.8705345254078534,4.452825779188981,
FY4,M1,47,-0.4047978512733994,4.452825779188981,
FY4,M1,48,-0.4047978512733994,4.452825779188981,
FY4,M1,49,-0.4047978512733994,4.452825779188981,
FY4,M1,50,-0.4047978512733994,4.452825779188981,
FY4,M1,51,-0.4047978512733994,4.452825779188981,
FY4,M1,52,-0.4047978512733994,4.452825779188981,
FY4,M1,53,-0.4047978512733994,4.452825779188981,
FY4,M1,54,-0.4047978512733994,4.452825779188981,
FY4,M1,55,-0.4047978512733994,4.452825779188981,
FY4,M1,56,-0.4047978512733994,4.452825779188981,
FY4,M1,57,-0.4047978512733994,4.452825779188981,
FY4,M1,58,-0.4047978512733994,4.452825779188981,
FY4,M1,59,-0.4047978512733994,4.452825779188981,
FY4,M1,60,-0.4047978512733994,4.452825779188981,
FY4,M1,61,-0.4047978512733994,4.452825779188981,
FY4,M1,62,-0.4047978512733994,4.452825779188981,
FY4,M1,63,-0.4047978512733994,4.452825779188981,
FY4,M1,64,-0.4047978512733994,4.452825779188981,
FY4,M1,65,-0.4047978512733994,4.452825779188981,
FY4,M1,66,,4.452825779188981,
FY4,M1,67,,4.452825779188981,
FY4,M1,68,,4.452825779188981,
FY4,M1,69,,4.452825779188981,
FY4,M1,70,,4.452825779188981,
FY4,M1,71,,4.452825779188981,
FY4,M1,72,,4.452825779188981,
FY4,M1,73,,4.452825779188981,
FY4,M1,74,,4.452825779188981,
FY4,M1,75,,4.452825779188981,
FY4,M1,76,,4.452825779188981,
FY4,M1,77,,4.452825779188981,
FY4,M1,78,,4.452825779188981,
FY4,M1,79,,4.452825779188981,
FY4,M1,80,,4.452825779188981,
FY4,M1,81,,4.452825779188981,
FY4,M1,82,,4.452825779188981,
FY4,M1,83,,4.452825779188981,
FY4,M1,84,,4.452825779188981,
FY4,M1,85,,4.452825779188981,
FY4,M1,86,,4.452825779188981,
FY4,M1,87,,4.452825779188981,
FY4,M1,88,,4.452825779188981,
FY4,M1,89,,4.452825779188981,
FY4,M1,90,,4.452825779188981,3.8035037060043777
FY4,M2,0,-459.02160884766323,4.420158947336848,
FY4,M2,1,-435.8087285650367,4.420158947336848,
FY4,M2,2,-435.8087285650367,4.420158947336848,
FY4,M2,3,-435.8087285650367,4.420158947336848,
FY4,M2,4,-435.8087285650367,4.420158947336848,
FY4,M2,5,-383.60518136724767,4.420158947336848,
FY4,M2,6,-383.60518136724767,4.420158947336848,
FY4,M2,7,-202.07025648584798,4.420158947336848,
FY4,M2,8,-202.07025648584798,4.420158947336848,
FY4,M2,9,-64.10595896783185,4.420158947336848,
FY4,M2,10,-64.10595896783185,4.420158947336848,
FY4,M2,11,-64.10595896783185,4.420158947336848,
FY4,M2,12,-64.10595896783185,4.420158947336848,
FY4,M2,13,-64.10595896783185,4.420158947336848,
FY4,M2,14,-64.10595896783185,4.420158947336848,
FY4,M2,15,-30.774472702900894,4.420158947336848,
FY4,M2,16,-30.774472702900894,4.420158947336848,
FY4,M2,17,-30.774472702900894,4.420158947336848,
FY4,M2,18,-30.774472702900894,4.420158947336848,
FY4,M2,19,-30.774472702900894,4.420158947336848,
FY4,M2,20,-30.774472702900894,4.420158947336848,
FY4,M2,21,-30.774472702900894,4.420158947336848,
FY4,M2,22,-30.774472702900894,4.420158947336848,
FY4,M2,23,-30.774472702900894,4.420158947336848,
FY4,M2,24,-30.774472702900894,4.420158947336848,
FY4,M2,25,-30.774472702900894,4.420158947336848,
FY4,M2,26,-30.774472702900894,4.420158947336848,
FY4,M2,27,-21.536380560319067,4.420158947336848,
FY4,M2,28,-21.536380560319067,4.420158947336848,
FY4,M2,29,-8.088133776574383,4.420158947336848,
FY4,M2,30,-8.088133776574383,4.420158947336848,
FY4,M2,31,-5.111791284201376,4.420158947336848,
FY4,M2,32,-1.1149728755792672,4.420158947336848,
FY4,M2,33,-1.1149728755792672,4.420158947336848,
FY4,M2,34,-1.1149728755792672,4.420158947336848,
FY4,M2,35,-1.1149728755792672,4.420158947336848,
FY4,M2,36,-1.1149728755792672,4.420158947336848,
FY4,M2,37,-1.1149728755792672,4.420158947336848,
FY4,M2,38,-1.1149728755792672,4.420158947336848,
FY4,M2,39,-1.1149728755792672,4.420158947336848,
FY4,M2,40,-1.1149728755792672,4.420158947336848,
FY4,M2,41,-1.1149728755792672,4.420158947336848,
FY4,M2,42,-1.1149728755792672,4.420158947336848,
FY4,M2,43,-1.1149728755792672,4.420158947336848,
FY4,M2,44,-1.1149728755792672,4.420158947336848,
FY4,M2,45,-1.1149728755792672,4.420158947336848,
FY4,M2,46,-1.1149728755792672,4.420158947336848,
FY4,M2,47,-1.1149728755792672,4.420158947336848,
FY4,M2,48,-1.1149728755792672,4.420158947336848,
FY4,M2,49,-0.0629331187148804,4.420158947336848,
FY4,M2,50,-0.0629331187148804,4.420158947336848,
FY4,M2,51,-0.0629331187148804,4.420158947336848,
FY4,M2,52,-0.0629331187148804,4.420158947336848,
FY4,M2,53,-0.0629331187148804,4.420158947336848,
FY4,M2,54,-0.0629331187148804,4.420158947336848,
FY4,M2,55,-0.0629331187148804,4.420158947336848,
FY4,M2,56,-0.0629331187148804,4.420158947336848,
FY4,M2,57,-0.0629331187148804,4.420158947336848,
FY4,M2,58,-0.0629331187148804,4.420158947336848,
FY4,M2,59,-0.0629331187148804,4.420158947336848,
FY4,M2,60,-0.0629331187148804,4.420158947336848,
FY4,M2,61,-0.0629331187148804,4.420158947336848,
FY4,M2,62,-0.0629331187148804,4.420158947336848,
FY4,M2,63,-0.0629331187148804,4.420158947336848,
FY4,M2,64,-0.0629331187148804,4.420158947336848,
FY4,M2,65,-0.0629331187148804,4.420158947336848,
FY4,M2,66,,4.420158947336848,
FY4,M2,67,,4.420158947336848,
FY4,M2,68,,4.420158947336848,
FY4,M2,69,,4.420158947336848,
FY4,M2,70,,4.420158947336848,
FY4,M2,71,,4.420158947336848,
FY4,M2,72,,4.420158947336848,
FY4,M2,73,,4.420158947336848,
FY4,M2,74,,4.420158947336848,
FY4,M2,75,,4.420158947336848,
FY4,M2,76,,4.420158947336848,
FY4,M2,77,,4.420158947336848,
FY4,M2,78,,4.420158947336848,
FY4,M2,79,,4.420158947336848,
FY4,M2,80,,4.420158947336848,
FY4,M2,81,,4.420158947336848,
FY4,M2,82,,4.420158947336848,
FY4,M2,83,,4.420158947336848,
FY4,M2,84,,4.420158947336848,
FY4,M2,85,,4.420158947336848,
FY4,M2,86,,4.420158947336848,
FY4,M2,87,,4.420158947336848,
FY4,M2,88,,4.420158947336848,
FY4,M2,89,,4.420158947336848,
FY4,M2,90,,4.420158947336848,3.798655759445076
FY4,M3,0,-385.1896416256675,3.3243632813241106,
FY4,M3,1,-385.1896416256675,3.3243632813241106,
FY4,M3,2,-376.65978093151597,3.3243632813241106,
FY4,M3,3,-376.65978093151597,3.3243632813241106,
FY4,M3,4,-376.65978093151597,3.3243632813241106,
FY4,M3,5,-376.65978093151597,3.3243632813241106,
FY4,M3,6,-331.27405807202354,3.3243632813241106,
FY4,M3,7,-241.61810624657767,3.3243632813241106,
FY4,M3,8,-241.61810624657767,3.3243632813241106,
FY4,M3,9,-105.40314055223577,3.3243632813241106,
FY4,M3,10,-105.40314055223577,3.3243632813241106,
FY4,M3,11,-105.40314055223577,3.3243632813241106,
FY4,M3,12,-105.40314055223577,3.3243632813241106,
FY4,M3,13,-105.40314055223577,3.3243632813241106,
FY4,M3,14,-105.40314055223577,3.3243632813241106,
FY4,M3,15,-105.40314055223577,3.3243632813241106,
FY4,M3,16,-105.40314055223577,3.3243632813241106,
FY4,M3,17,-105.40314055223577,3.3243632813241106,
FY4,M3,18,-1.391920406692848,3.3243632813241106,
FY4,M3,19,-1.391920406692848,3.3243632813241106,
FY4,M3,20,-1.391920406692848,3.3243632813241106,
FY4,M3,21,-1.391920406692848,3.3243632813241106,
FY4,M3,22,-1.391920406692848,3.3243632813241106,
FY4,M3,23,-1.391920406692848,3.3243632813241106,
FY4,M3,24,-1.391920406692848,3.3243632813241106,
FY4,M3,25,-1.391920406692848,3.3243632813241106,
FY4,M3,26,-1.391920406692848,3.3243632813241106,
FY4,M3,27,-1.391920406692848,3.3243632813241106,
FY4,M3,28,-1.391920406692848,3.3243632813241106,
FY4,M3,29,-1.391920406692848,3.3243632813241106,
FY4,M3,30,-1.391920406692848,3.3243632813241106,
FY4,M3,31,-1.391920406692848,3.3243632813241106,
FY4,M3,32,-1.391920406692848,3.3243632813241106,
FY4,M3,33,-1.391920406692848,3.3243632813241106,
FY4,M3,34,-1.391920406692848,3.3243632813241106,
FY4,M3,35,-1.391920406692848,3.3243632813241106,
FY4,M3,36,-1.391920406692848,3.3243632813241106,
FY4,M3,37,-1.391920406692848,3.3243632813241106,
FY4,M3,38,-1.391920406692848,3.3243632813241106,
FY4,M3,39,-1.391920406692848,3.3243632813241106,
FY4,M3,40,-1.391920406692848,3.3243632813241106,
FY4,M3,41,-1.391920406692848,3.3243632813241106,
FY4,M3,42,-1.391920406692848,3.3243632813241106,
FY4,M3,43,-1.391920406692848,3.3243632813241106,
FY4,M3,44,-1.391920406692848,3.3243632813241106,
FY4,M3,45,-1.391920406692848,3.3243632813241106,
FY4,M3,46,-1.391920406692848,3.3243632813241106,
FY4,M3,47,-1.391920406692848,3.3243632813241106,
FY4,M3,48,-1.391920406692848,3.3243632813241106,
FY4,M3,49,-1.391920406692848,3.3243632813241106,
FY4,M3,50,-1.391920406692848,3.3243632813241106,
FY4,M3,51,-1.391920406692848,3.3243632813241106,
FY4,M3,52,-1.391920406692848,3.3243632813241106,
FY4,M3,53,-1.391920406692848,3.3243632813241106,
FY4,M3,54,-1.391920406692848,3.3243632813241106,
FY4,M3,55,-1.391920406692848,3.3243632813241106,
FY4,M3,56,-1.391920406692848,3.3243632813241106,
FY4,M3,57,-1.391920406692848,3.3243632813241106,
FY4,M3,58,-0.6292299269791854,3.3243632813241106,
FY4,M3,59,-0.6292299269791854,3.3243632813241106,
FY4,M3,60,-0.6292299269791854,3.3243632813241106,
FY4,M3,61,-0.6292299269791854,3.3243632813241106,
FY4,M3,62,-0.6292299269791854,3.3243632813241106,
FY4,M3,63,-0.6292299269791854,3.3243632813241106,
FY4,M3,64,-0.6292299269791854,3.3243632813241106,
FY4,M3,65,-0.6292299269791854,3.3243632813241106,
FY4,M3,66,,3.3243632813241106,
FY4,M3,67,,3.3243632813241106,
FY4,M3,68,,3.3243632813241106,
FY4,M3,69,,3.3243632813241106,
FY4,M3,70,,3.3243632813241106,
FY4,M3,71,,3.3243632813241106,
FY4,M3,72,,3.3243632813241106,
FY4,M3,73,,3.3243632813241106,
FY4,M3,74,,3.3243632813241106,
FY4,M3,75,,3.3243632813241106,
FY4,M3,76,,3.3243632813241106,
FY4,M3,77,,3.3243632813241106,
FY4,M3,78,,3.3243632813241106,
FY4,M3,79,,3.3243632813241106,
FY4,M3,80,,3.3243632813241106,
FY4,M3,81,,3.3243632813241106,
FY4,M3,82,,3.3243632813241106,
FY4,M3,83,,3.3243632813241106,
FY4,M3,84,,3.3243632813241106,
FY4,M3,85,,3.3243632813241106,
FY4,M3,86,,3.3243632813241106,
FY4,M3,87,,3.3243632813241106,
FY4,M3,88,,3.3243632813241106,
FY4,M3,89,,3.3243632813241106,
FY4,M3,90,,3.3243632813241106,3.3921396416892975
FY5,M1,0,-572.1227368087158,4.224697460453029,
FY5,M1,1,-115.67118957767283,4.224697460453029,
FY5,M1,2,-115.67118957767283,4.224697460453029,
FY5,M1,3,-115.67118957767283,4.224697460453029,
FY5,M1,4,-115.67118957767283,4.224697460453029,
FY5,M1,5,-115.67118957767283,4.224697460453029,
FY5,M1,6,-115.67118957767283,4.224697460453029,
FY5,M1,7,-115.67118957767283,4.224697460453029,
FY5,M1,8,-115.67118957767283,4.224697460453029,
FY5,M1,9,-100.7807212965346,4.224697460453029,
FY5,M1,10,-24.748209772892242,4.224697460453029,
FY5,M1,11,-24.748209772892242,4.224697460453029,
FY5,M1,12,-24.748209772892242,4.224697460453029,
FY5,M1,13,-24.748209772892242,4.224697460453029,
FY5,M1,14,-24.748209772892242,4.224697460453029,
FY5,M1,15,-24.748209772892242,4.224697460453029,
FY5,M1,16,-24.748209772892242,4.224697460453029,
FY5,M1,17,-24.748209772892242,4.224697460453029,
FY5,M1,18,-24.748209772892242,4.224697460453029,
FY5,M1,19,-0.4765727927895867,4.224697460453029,
FY5,M1,20,-0.4765727927895867,4.224697460453029,
FY5,M1,21,-0.4765727927895867,4.224697460453029,
FY5,M1,22,-0.4765727927895867,4.224697460453029,
FY5,M1,23,-0.4765727927895867,4.224697460453029,
FY5,M1,24,-0.4765727927895867,4.224697460453029,
FY5,M1,25,-0.4765727927895867,4.224697460453029,
FY5,M1,26,-0.4765727927895867,4.224697460453029,
FY5,M1,27,-0.4765727927895867,4.224697460453029,
FY5,M1,28,-0.4765727927895867,4.224697460453029,
FY5,M1,29,-0.4765727927895867,4.224697460453029,
FY5,M1,30,-0.4765727927895867,4.224697460453029,
FY5,M1,31,-0.4765727927895867,4.224697460453029,
FY5,M1,32,-0.4765727927895867,4.224697460453029,
FY5,M1,33,-0.4765727927895867,4.224697460453029,
FY5,M1,34,-0.4765727927895867,4.224697460453029,
FY5,M1,35,-0.4765727927895867,4.224697460453029,
FY5,M1,36,-0.4765727927895867,4.224697460453029,
FY5,M1,37,-0.19524710148979546,4.224697460453029,
FY5,M1,38,-0.19524710148979546,4.224697460453029,
FY5,M1,39,-0.19524710148979546,4.224697460453029,
FY5,M1,40,-0.19524710148979546,4.224697460453029,
FY5,M1,41,-0.19524710148979546,4.224697460453029,
FY5,M1,42,-0.19524710148979546,4.224697460453029,
FY5,M1,43,-0.19524710148979546,4.224697460453029,
FY5,M1,44,-0.19524710148979546,4.224697460453029,
FY5,M1,45,-0.19524710148979546,4.293890543406942,
FY5,M1,46,-0.19524710148979546,4.293890543406942,
FY5,M1,47,-0.19524710148979546,4.293890543406942,
FY5,M1,48,-0.19524710148979546,4.30174572743147,
FY5,M1,49,-0.19524710148979546,4.30174572743147,
FY5,M1,50,-0.19524710148979546,4.30174572743147,
FY5,M1,51,-0.19524710148979546,4.30174572743147,
FY5,M1,52,-0.19524710148979546,4.319771220447382,
FY5,M1,53,-0.19524710148979546,4.319771220447382,
FY5,M1,54,-0.12047549925536341,4.320800965578652,
FY5,M1,55,-0.12047549925536341,4.320800965578652,
FY5,M1,56,-0.10319533492401227,4.320800965578652,
FY5,M1,57,-0.10319533492401227,4.320800965578652,
FY5,M1,58,-0.10319533492401227,4.326145496641333,
FY5,M1,59,-0.10319533492401227,4.326145496641333,
FY5,M1,60,-0.09133271553427702,4.326145496641333,
FY5,M1,61,-0.09133271553427702,4.326145496641333,
FY5,M1,62,-0.09133271553427702,4.326145496641333,
FY5,M1,63,-0.09133271553427702,4.326145496641333,
FY5,M1,64,-0.08087695388472328,4.326145496641333,
FY5,M1,65,-0.08087695388472328,4.326145496641333,
FY5,M1,66,,4.350801810128372,
FY5,M1,67,,4.350801810128372,
FY5,M1,68,,4.350801810128372,
FY5,M1,69,,4.350801810128372,
FY5,M1,70,,4.350801810128372,
FY5,M1,71,,4.350801810128372,
FY5,M1,72,,4.350801810128372,
FY5,M1,73,,4.381633395503664,
FY5,M1,74,,4.381633395503664,
FY5,M1,75,,4.381633395503664,
FY5,M1,76,,4.4157791461820395,
FY5,M1,77,,4.4157791461820395,
FY5,M1,78,,4.4157791461820395,
FY5,M1,79,,4.4157791461820395,
FY5,M1,80,,4.4157791461820395,
FY5,M1,81,,4.4157791461820395,
FY5,M1,82,,4.4157791461820395,
FY5,M1,83,,4.4157791461820395,
FY5,M1,84,,4.4157791461820395,
FY5,M1,85,,4.4157791461820395,
FY5,M1,86,,4.4347522230570995,
FY5,M1,87,,4.4347522230570995,
FY5,M1,88,,4.4347522230570995,
FY5,M1,89,,4.4347522230570995,
FY5,M1,90,,4.4347522230570995,3.928759995010667
FY5,M2,0,-1604.535985404202,3.611162876134781,
FY5,M2,1,-65.0591535619031,3.611162876134781,
FY5,M2,2,-65.0591535619031,3.611162876134781,
FY5,M2,3,-65.0591535619031,3.611162876134781,
FY5,M2,4,-65.0591535619031,3.611162876134781,
FY5,M2,5,-65.0591535619031,3.611162876134781,
FY5,M2,6,-65.0591535619031,3.611162876134781,
FY5,M2,7,-65.0591535619031,3.611162876134781,
FY5,M2,8,-65.0591535619031,3.611162876134781,
FY5,M2,9,-65.0591535619031,3.611162876134781,
FY5,M2,10,-65.0591535619031,3.611162876134781,
FY5,M2,11,-30.22972661994603,3.611162876134781,
FY5,M2,12,-24.93316478743432,3.611162876134781,
FY5,M2,13,-24.93316478743432,3.611162876134781,
FY5,M2,14,-24.93316478743432,3.611162876134781,
FY5,M2,15,-24.93316478743432,3.611162876134781,
FY5,M2,16,-24.93316478743432,3.611162876134781,
FY5,M2,17,-24.93316478743432,3.611162876134781,
FY5,M2,18,-24.93316478743432,3.611162876134781,
FY5,M2,19,-23.256603048636453,3.611162876134781,
FY5,M2,20,-23.256603048636453,3.611162876134781,
FY5,M2,21,-5.067756646306472,3.611162876134781,
FY5,M2,22,-5.067756646306472,3.611162876134781,
FY5,M2,23,-5.067756646306472,3.611162876134781,
FY5,M2,24,-5.067756646306472,3.611162876134781,
FY5,M2,25,-5.067756646306472,3.611162876134781,
FY5,M2,26,-5.067756646306472,3.611162876134781,
FY5,M2,27,-5.067756646306472,3.611162876134781,
FY5,M2,28,-1.6050354977962822,3.611162876134781,
FY5,M2,29,-1.6050354977962822,3.611162876134781,
FY5,M2,30,-1.6050354977962822,3.611162876134781,
FY5,M2,31,-1.6050354977962822,3.611162876134781,
FY5,M2,32,-1.6050354977962822,3.611162876134781,
FY5,M2,33,-1.6050354977962822,3.611162876134781,
FY5,M2,34,-1.6050354977962822,3.611162876134781,
FY5,M2,35,-1.6050354977962822,3.611162876134781,
FY5,M2,36,-1.6050354977962822,3.611162876134781,
FY5,M2,37,-0.22008301972550004,3.611162876134781,
FY5,M2,38,-0.22008301972550004,3.611162876134781,
FY5,M2,39,-0.22008301972550004,3.611162876134781,
FY5,M2,40,-0.22008301972550004,3.611162876134781,
FY5,M2,41,-0.22008301972550004,3.611162876134781,
FY5,M2,42,-0.22008301972550004,3.611162876134781,
FY5,M2,43,-0.22008301972550004,3.611162876134781,
FY5,M2,44,-0.22008301972550004,3.611162876134781,
FY5,M2,45,-0.22008301972550004,3.611162876134781,
FY5,M2,46,-0.22008301972550004,3.611162876134781,
FY5,M2,47,-0.22008301972550004,3.611162876134781,
FY5,M2,48,-0.22008301972550004,3.611162876134781,
FY5,M2,49,-0.22008301972550004,3.611162876134781,
FY5,M2,50,-0.22008301972550004,3.611162876134781,
FY5,M2,51,-0.22008301972550004,3.611162876134781,
FY5,M2,52,-0.22008301972550004,3.611162876134781,
FY5,M2,53,-0.22008301972550004,3.611162876134781,
FY5,M2,54,-0.22008301972550004,3.611162876134781,
FY5,M2,55,-0.22008301972550004,3.611162876134781,
FY5,M2,56,-0.22008301972550004,3.611162876134781,
FY5,M2,57,-0.22008301972550004,3.611162876134781,
FY5,M2,58,-0.22008301972550004,3.611162876134781,
FY5,M2,59,-0.22008301972550004,3.611162876134781,
FY5,M2,60,-0.22008301972550004,3.6864019094852587,
FY5,M2,61,-0.22008301972550004,3.6864019094852587,
FY5,M2,62,-0.22008301972550004,3.6864019094852587,
FY5,M2,63,-0.22008301972550004,3.6864019094852587,
FY5,M2,64,-0.22008301972550004,3.6864019094852587,
FY5,M2,65,-0.22008301972550004,3.6864019094852587,
FY5,M2,66,,3.6864019094852587,
FY5,M2,67,,3.729551925860868,
FY5,M2,68,,3.729551925860868,
FY5,M2,69,,3.729551925860868,
FY5,M2,70,,3.7590595795270403,
FY5,M2,71,,3.7590595795270403,
FY5,M2,72,,3.7590595795270403,
FY5,M2,73,,3.7590595795270403,
FY5,M2,74,,3.7590595795270403,
FY5,M2,75,,3.7590595795270403,
FY5,M2,76,,3.7590595795270403,
FY5,M2,77,,3.7590595795270403,
FY5,M2,78,,3.7590595795270403,
FY5,M2,79,,3.7590595795270403,
FY5,M2,80,,3.7590595795270403,
FY5,M2,81,,3.7590595795270403,
FY5,M2,82,,3.765432676217955,
FY5,M2,83,,3.765432676217955,
FY5,M2,84,,3.765432676217955,
FY5,M2,85,,3.7686290087833854,
FY5,M2,86,,3.7752359101424062,
FY5,M2,87,,3.7752359101424062,
FY5,M2,88,,3.7752359101424062,
FY5,M2,89,,3.775888430780423,
FY5,M2,90,,3.775888430780423,3.5674714659293016
FY5,M3,0,-104.06667771048231,3.9512865923815035,
FY5,M3,1,-104.06667771048231,3.9512865923815035,
FY5,M3,2,-104.06667771048231,3.9512865923815035,
FY5,M3,3,-104.06667771048231,3.9512865923815035,
FY5,M3,4,-104.06667771048231,3.9512865923815035,
FY5,M3,5,-104.06667771048231,3.9512865923815035,
FY5,M3,6,-101.21604966695152,3.9512865923815035,
FY5,M3,7,-101.21604966695152,3.9512865923815035,
FY5,M3,8,-101.21604966695152,3.9512865923815035,
FY5,M3,9,-101.21604966695152,3.9512865923815035,
FY5,M3,10,-101.21604966695152,3.9512865923815035,
FY5,M3,11,-70.07641460778044,3.9512865923815035,
FY5,M3,12,-40.400056470636244,3.9512865923815035,
FY5,M3,13,-40.400056470636244,3.9512865923815035,
FY5,M3,14,-29.27845277751409,3.9512865923815035,
FY5,M3,15,-29.27845277751409,3.9512865923815035,
FY5,M3,16,-29.27845277751409,3.9512865923815035,
FY5,M3,17,-29.141198518088128,3.9512865923815035,
FY5,M3,18,-4.802291995830333,3.9512865923815035,
FY5,M3,19,-4.802291995830333,3.9512865923815035,
FY5,M3,20,-4.802291995830333,3.9512865923815035,
FY5,M3,21,-4.802291995830333,3.9512865923815035,
FY5,M3,22,-4.802291995830333,3.9512865923815035,
FY5,M3,23,-4.802291995830333,3.9512865923815035,
FY5,M3,24,-4.802291995830333,3.9512865923815035,
FY5,M3,25,-4.802291995830333,3.9512865923815035,
FY5,M3,26,-1.506071315575379,3.9512865923815035,
FY5,M3,27,-1.506071315575379,3.9512865923815035,
FY5,M3,28,-1.506071315575379,3.9512865923815035,
FY5,M3,29,-0.36788749023447115,3.9512865923815035,
FY5,M3,30,-0.36788749023447115,3.9512865923815035,
FY5,M3,31,-0.36788749023447115,3.9512865923815035,
FY5,M3,32,-0.36788749023447115,3.9512865923815035,
FY5,M3,33,-0.36788749023447115,3.9512865923815035,
FY5,M3,34,-0.36788749023447115,3.9512865923815035,
FY5,M3,35,-0.36788749023447115,3.9512865923815035,
FY5,M3,36,-0.36788749023447115,3.9512865923815035,
FY5,M3,37,-0.36788749023447115,3.9512865923815035,
FY5,M3,38,-0.36788749023447115,3.9512865923815035,
FY5,M3,39,-0.36788749023447115,3.9512865923815035,
FY5,M3,40,-0.25092759276438975,3.9512865923815035,
FY5,M3,41,-0.25092759276438975,3.9512865923815035,
FY5,M3,42,-0.25092759276438975,3.9512865923815035,
FY5,M3,43,-0.25092759276438975,3.9512865923815035,
FY5,M3,44,-0.25092759276438975,4.025194609057573,
FY5,M3,45,-0.25092759276438975,4.025194609057573,
FY5,M3,46,-0.25092759276438975,4.025194609057573,
FY5,M3,47,-0.25092759276438975,4.025194609057573,
FY5,M3,48,-0.25092759276438975,4.025194609057573,
FY5,M3,49,-0.25092759276438975,4.052694802710695,
FY5,M3,50,-0.25092759276438975,4.052694802710695,
FY5,M3,51,-0.25092759276438975,4.052694802710695,
FY5,M3,52,-0.25092759276438975,4.052694802710695,
FY5,M3,53,-0.24002193171466452,4.052694802710695,
FY5,M3,54,-0.23479307246955747,4.052694802710695,
FY5,M3,55,-0.23479307246955747,4.052694802710695,
FY5,M3,56,-0.0663832247746839,4.052694802710695,
FY5,M3,57,-0.0663832247746839,4.052694802710695,
FY5,M3,58,-0.0663832247746839,4.052694802710695,
FY5,M3,59,-0.0663832247746839,4.052694802710695,
FY5,M3,60,-0.0663832247746839,4.052694802710695,
FY5,M3,61,-0.0663832247746839,4.052694802710695,
FY5,M3,62,-0.0663832247746839,4.052694802710695,
FY5,M3,63,-0.0663832247746839,4.052694802710695,
FY5,M3,64,-0.0663832247746839,4.052694802710695,
FY5,M3,65,-0.0663832247746839,4.052694802710695,
FY5,M3,66,,4.052694802710695,
FY5,M3,67,,4.052694802710695,
FY5,M3,68,,4.052694802710695,
FY5,M3,69,,4.052694802710695,
FY5,M3,70,,4.052694802710695,
FY5,M3,71,,4.052694802710695,
FY5,M3,72,,4.052694802710695,
FY5,M3,73,,4.052694802710695,
FY5,M3,74,,4.052694802710695,
FY5,M3,75,,4.052694802710695,
FY5,M3,76,,4.052694802710695,
FY5,M3,77,,4.052694802710695,
FY5,M3,78,,4.052694802710695,
FY5,M3,79,,4.052694802710695,
FY5,M3,80,,4.059353335332185,
FY5,M3,81,,4.059353335332185,
FY5,M3,82,,4.059353335332185,
FY5,M3,83,,4.07191791780847,
FY5,M3,84,,4.07191791780847,
FY5,M3,85,,4.07191791780847,
FY5,M3,86,,4.07191791780847,
FY5,M3,87,,4.07191791780847,
FY5,M3,88,,4.07191791780847,
FY5,M3,89,,4.0755113569707255,
FY5,M3,90,,4.076057554794479,3.754182323980375
