relative_path,extension,bytes,sha256,duplicate_group,status,member_count,nested_archives,risky_members,traversal_members,same_name_directory,detail
2023年赛题/A题.rar,.rar,877589,bff820c54baa99561052f3735469b31cceba59a130174787141bc889d0589723,,成员已索引,4,0,0,0,False,
2023年赛题/B题.rar,.rar,1168748,1dfc6819efedb2d8c349276ef503dd1ceeee7a7ee2e15996b4ced37dc058d374,,成员已索引,4,0,0,0,False,
2023年赛题/C题.rar,.rar,38172817,cf616c11995c0f7974efcc0c2d2459b10ca983bbc623181d451bb9d157411567,,成员已索引,5,0,0,0,False,
2023年赛题/E题.rar,.rar,1163790,98b972690ea26d3472e3c568413836c980c8a1cf6ac910125cf00840ebfc8c2f,,成员已索引,4,0,0,0,False,
6.数学建模模型算法大全/元胞自动机/1月13日课件（元胞自动机）.rar,.rar,211185,3032e60063882daab72516873b78cbbedac926011fdef8076132daa8a164fd25,,成员已索引,17,0,0,0,True,
6.数学建模模型算法大全/元胞自动机/CA matlab.rar,.rar,91128,51a4940ed7909dd812a330c613f3dea85e1af2eb6c5cd2365777342b883e6f1f,,成员已索引,15,0,0,0,False,
6.数学建模模型算法大全/元胞自动机/Genetic Algorithm and Direct Search Toolbox.part4.rar,.rar,1000000,34a5c486f7c7ddf10b371cabf4f5a3db07f9d745abd6727647a59a2788edb198,,成员已索引,2,0,0,0,False,
6.数学建模模型算法大全/元胞自动机/mcmthesis.zip,.zip,382307,aea191f7f9578bce5b14772dc1934f0b97e305a4cac07aa3cc45626a3fef454d,,成员已索引,15,0,0,0,False,
6.数学建模模型算法大全/元胞自动机/元胞自动机/1月13日课件（元胞自动机）/程序/新建文件夹/HMCMCM.zip,.zip,578611,b6a62566fb4ab887c31facdd0d377a6861330a856e7717804b61a2ba3e7e65d9,,成员已索引,11,0,0,0,True,
6.数学建模模型算法大全/元胞自动机/元胞自动机.rar,.rar,1711697,3ea0d1fb20d4a1693a28abc6f4e95f7345cad8535b5bd932888b50f47f30bf6d,,成员已索引,6,3,0,0,True,
6.数学建模模型算法大全/元胞自动机/元胞自动机.zip,.zip,1501225,3c1a59c338d4caa19f3eccf12ec2f2fdfa41ec65c6b998c1808ddeec0a7a44ed,,成员已索引,4,0,0,0,True,
6.数学建模模型算法大全/元胞自动机/元胞自动机与matlab.zip,.zip,806949,d60ed494530e0b7a9e0212f2b7e9906b0b5ada79a98bcb7a0bacdf88acd3ff32,,成员已索引,2,0,0,0,False,
6.数学建模模型算法大全/元胞自动机/元胞自动机论文和程序.rar,.rar,6433489,c01148099e5bb76629fa8ebbecf7cbfca4131ab0817cee081b4ee6f228586c75,,成员已索引,96,0,11,0,True,
6.数学建模模型算法大全/元胞自动机/关于元胞自动机.zip,.zip,2886873,8547596f5dfa0078f07f751981fe13ebe7bb2ad9f708af6be7743dee2542656b,,成员已索引,4,0,0,0,False,
6.数学建模模型算法大全/元胞自动机/基于元胞自动机的单双道交通建模Matlab仿真程序.zip,.zip,4911,0d7fd70392b26b6bea80e5c9b180746ba3f30cc27e34663e0561a2d4614d57fe,,成员已索引,7,0,0,0,False,
6.数学建模模型算法大全/元胞自动机/基于元胞自动机的股票市场模拟模型.zip,.zip,2588901,de758258a1d1e2cdebf5a41c53860b5d55be82c9c48cea5b760614e41f645d55,,成员已索引,48,0,0,0,False,
6.数学建模模型算法大全/元胞自动机/程序.rar,.rar,5732,86ba84df2e31eb550493b3987741926359d41029d8191725114c5d5a66f89684,,成员已索引,15,0,0,0,False,
6.数学建模模型算法大全/元胞自动机/美赛o奖论文及源码.zip,.zip,6848596,ac6d8f950b649fbda15ddaa620cb6597b60e817e24a077d95cf5ab0e9e915dbb,,成员已索引,96,0,11,0,False,
6.数学建模模型算法大全/司守奎数学建模算法课件/司守奎数学建模算法课件.rar,.rar,15972867,006d71affb7fef79cf0e9a4e4e8ba88a8ae84889d9d4300a7f8e271856161b3e,,成员已索引,436,0,0,0,False,
6.数学建模模型算法大全/司守奎数学建模算法课件/数学建模算法与应用课件.rar,.rar,59577283,626d01e20a195a018f86da497e65f482cb8eeb8d473b9b3aa2dff33d6c28c9ac,,成员已索引,19,0,0,0,False,
6.数学建模模型算法大全/司守奎数学建模算法课件/数学建模算法与应用课件（第二版）.zip,.zip,69954250,dd7a5ef5c5523aaf7cd154dd6a11b7de7cacd5cb55031e6a44fe5d2c8c43a0f2,,成员已索引,20,0,0,0,True,
6.数学建模模型算法大全/图论排队论/图论及其应用 第二版.rar,.rar,3577245,8239d0b529aeaaf5b4585b4284662ccf3f1d3a9928d369bcb431d45b997cbbfb,,成员已索引,4,0,0,0,False,
6.数学建模模型算法大全/图论排队论/图论算法/GrTheory.rar,.rar,28739,b7626e268bab9a5f24d222fd75ce72898a9dca5bff75d157df2e2dfdafdbb4b3,,成员已索引,29,0,0,0,False,
6.数学建模模型算法大全/图论排队论/图论算法/算法合集之《图论的基本思想及方法》.zip,.zip,152467,8b849da19a0cfd13783871d9ac293825c3ea98408c2e0e81ccfb3b7bcf4aa9ca,,成员已索引,1,0,0,0,False,
6.数学建模模型算法大全/图论排队论/图论算法/算法合集之《最短路算法及其应用》.zip,.zip,59381,03d191fc4c92194288729f89f9210e78036bc5e66de060e03c2100d59cadef14,,成员已索引,1,0,0,0,False,
6.数学建模模型算法大全/图论排队论/排队论.rar,.rar,6683653,2f0aabb72e036ec2d7334cd142c71b3d431b57081975cb8553b6b58fe071b26c,,成员已索引,19,0,0,0,False,
6.数学建模模型算法大全/图论排队论/数学竞赛中的图论方法-----优秀方法.rar,.rar,2987015,98d6276329f439fa45e38d86fbc5efb6fbd50d9cc6c8395f8833dc84da25368c,,成员已索引,3,0,0,0,False,
6.数学建模模型算法大全/模拟退火/模拟退火工具箱satools.zip,.zip,215935,51079bfb52ad098f8a023769c74cbd243edb54910b21eb37e83c565e663be910,,成员已索引,90,0,0,0,False,
6.数学建模模型算法大全/模拟退火/模拟退火算法的matlab示例.zip,.zip,501670,bce392dbe8a8f8b5c07917c0205d5c24fc34c19cc63063e60f749c896e66435a,,成员已索引,20,0,0,0,False,
6.数学建模模型算法大全/模拟退火/模拟退火算法论文.rar,.rar,6929508,3d7313335dfa678bea8a6271d03696d3aa583c9f2ec5ca38a3d72068b5af830a,,成员已索引,23,0,0,0,False,
6.数学建模模型算法大全/模拟退火/遗传退火进化算法.rar.rar,.rar,560929,856e480df56cd8c9582f125ebf16faa7ce4ccc9c5ece485b1017f410b067d777,,成员已索引,4,1,0,0,False,
6.数学建模模型算法大全/神经网络/Matlab神经网络(九)--粒子群算法（PSO）实现函数极值优化.zip,.zip,12223282,3fef2e5b6590c172730192047cd3d538fbc1489d31ec1329e80ae4093c107f9f,,成员已索引,1,0,0,0,False,
6.数学建模模型算法大全/统计分析/00预备知识 SAS软件简介/葡萄酒案例/如何写建模论文/山西会议.zip,.zip,9291963,fc971b5ab3bd958937cdd5f2a2f07a56207f4915055e9a7b6a0b3ef08e8b2e25,,成员已索引,12,0,0,0,False,
6.数学建模模型算法大全/统计分析/时间序列/平稳时间序列模型.rar,.rar,846638,14f7f3b14b2e6f6c5cc3fc2d6af95a56f9b627146b39056d7c88d52e42e9b6d1,,成员已索引,1,0,0,0,False,
6.数学建模模型算法大全/统计分析/时间序列/时间序列分析与预测attachment.rar,.rar,351857,78aa4a17e5f95e8432ddddfb2e79c88f85a6a35260a4b4e8dcf54eb1f22ec617,,成员已索引,1,0,0,0,False,
6.数学建模模型算法大全/综合评价方法/层次分析法/AHP理论/1993B优秀论文.rar,.rar,901932,688ed05606c60ac9a84ad13195311e19c934d322a394be8d985009e636618a10,,成员已索引,6,0,0,0,True,
6.数学建模模型算法大全/综合评价方法/层次分析法/层次分析法matlab程序及说明书.rar,.rar,148105,1011538687590c9cef424b803c00688e89fa1ad739ddc90cd2ca9d51152132e7,,成员已索引,7,0,0,0,False,
6.数学建模模型算法大全/蒙特卡罗算法/蒙特卡洛.rar,.rar,12073028,90dcfc5d0102727e4ce9da9e65c9e7db83f77a6a4dc46b5fd9f0e6c093224a25,,成员已索引,25,1,0,0,False,
6.数学建模模型算法大全/蒙特卡罗算法/蒙特卡洛法/蒙卡模拟.rar,.rar,1402498,c3c571d6fbba039ee2fb9b665c29b563539cf1ca5b3d56af5d7046854c931314,,成员已索引,9,0,0,0,False,
6.数学建模模型算法大全/蒙特卡罗算法/蒙特卡洛法/蒙特卡罗算法.zip,.zip,16509,d7bfacdb171fff4b0ad708c6dbe17eb76aa1c986127dcd2ca2f7cd34fde9e3e9,,成员已索引,27,0,0,0,False,
6.数学建模模型算法大全/蒙特卡罗算法/蒙特卡罗模拟.zip,.zip,1425089,f530e13fb08396fa4f8f8016f5453e0788d4aea5d411ee853219155cec732ad6,,专有格式待工具,0,0,0,0,False,文件头为快压 KZ，不是标准 ZIP；需快压或兼容工具只读清点
6.数学建模模型算法大全/蒙特卡罗算法/蒙特卡罗法.rar,.rar,1719769,45086d2be55f8e967e2449552ae297dfcfa7cd581d698a52ee217f4e263fac75,,成员已索引,14,0,0,0,False,
6.数学建模模型算法大全/蒙特卡罗算法/随机模拟模型.rar,.rar,345452,34f0b8bacaf2baa0c287fd29c942a90919462f022e86be5923feedec3338e558,,成员已索引,17,0,0,0,False,
6.数学建模模型算法大全/蚁群算法/蚁群算法.rar,.rar,1919,9ec7a40acd80c493bbc3dfb91725a2a29d6208ef08683b478cc407efd610e2f9,,成员已索引,1,0,0,0,False,
6.数学建模模型算法大全/规划模型/多目标决策优化.rar,.rar,7884829,23f9b7d45dae49f83cd32c8c9e892a7491d7ed6789e2cf28043770e1641b3bb6,,成员已索引,10,0,0,0,False,
6.数学建模模型算法大全/规划模型/存贮论.rar,.rar,332704,430885e565cccacea38dd801a9c569f858156397094a01a117747a6c770a8952,,成员已索引,2,0,0,0,False,
6.数学建模模型算法大全/遗传算法/chapter1遗传算法工具箱.rar,.rar,2171,715873ad92acee2d1b482016a925a4b54985ac2ab377e04383e88bda064923c5,,成员已索引,2,0,0,0,False,
6.数学建模模型算法大全/遗传算法/Sheffield大学Matlab遗传算法工具箱.rar,.rar,694480,45cf6edc29867e713e44ed49a1d1bafb5ff2549dc982532df9070f9959eacbaa,,成员已索引,4,3,0,0,False,
6.数学建模模型算法大全/遗传算法/一种高效的复杂系统遗传算法_庄健.rar,.rar,924757,b57f1d42f0d4a88b9c1eb276e5ac1f29978fd4a406e242beb71b4e449db953d9,,成员已索引,1,0,0,0,False,
6.数学建模模型算法大全/遗传算法/遗传算法@遗传退火算法（算法简介 编程技巧 工具箱 应用大全）（含源代码）.zip,.zip,79597398,f1d59dd3662c03d372ad6b8f70ea8721f5b4be7447eedacc96c5fe4d340a3fa9,,成员已索引,343,4,0,0,False,
6.数学建模模型算法大全/遗传算法/遗传算法@遗传退火算法（算法简介+编程技巧+工具箱+应用大全）（含源代码）/工具箱/遗传算法工具箱/GA.rar,.rar,555643,3cd46e2d7e142e5d59f4e8713436ba169bf45282b84fc62fd8b827ac5823d8bc,ARCH-DUP-001,成员已索引,20,5,0,0,False,
6.数学建模模型算法大全/遗传算法/遗传算法@遗传退火算法（算法简介+编程技巧+工具箱+应用大全）（含源代码）/工具箱/遗传算法工具箱/GA2.zip,.zip,109092,5c89ec5caaa0c49db4de7da65b227ac2f30d1a890fa33d9eea27c3295f1f9480,ARCH-DUP-002,成员已索引,33,0,0,0,False,
6.数学建模模型算法大全/遗传算法/遗传算法@遗传退火算法（算法简介+编程技巧+工具箱+应用大全）（含源代码）/工具箱/遗传算法工具箱/Genetic Algorithms/gademo12.zip,.zip,10577,ac0057ea1a40379d8510c2eb77cbda7bcf971c8d504d4caf755738f83acf553b,,成员已索引,11,0,0,0,False,
6.数学建模模型算法大全/遗传算法/遗传算法@遗传退火算法（算法简介+编程技巧+工具箱+应用大全）（含源代码）/工具箱/遗传算法工具箱/Genetic Algorithms/gademo13.zip,.zip,7668,d6418ae391cd87b95a7e735d471330920081d5a76f23f8cdaf9dd94e941ab322,,成员已索引,9,0,0,0,False,
6.数学建模模型算法大全/遗传算法/遗传算法@遗传退火算法（算法简介+编程技巧+工具箱+应用大全）（含源代码）/工具箱/遗传算法工具箱/Genetic Algorithms/GAOT.zip,.zip,109092,5c89ec5caaa0c49db4de7da65b227ac2f30d1a890fa33d9eea27c3295f1f9480,ARCH-DUP-002,成员已索引,33,0,0,0,False,
6.数学建模模型算法大全/遗传算法/遗传算法@遗传退火算法（算法简介+编程技巧+工具箱+应用大全）（含源代码）/工具箱/遗传算法工具箱/Genetic Algorithms/geatbhtm.zip,.zip,222033,4f20c9dac125ec2364303260ec6acc77d31cf9462ff8205bd753b47e15ae4884,,成员已索引,138,0,0,0,False,
6.数学建模模型算法大全/遗传算法/遗传算法@遗传退火算法（算法简介+编程技巧+工具箱+应用大全）（含源代码）/工具箱/遗传算法工具箱/Genetic Algorithms/PCGAOT.zip,.zip,83776,71165aedc03ccdaae9d35b0c8a76d6053edf08588455fe6faa15ad26c65ea35b,,成员已索引,30,0,0,0,False,
6.数学建模模型算法大全/遗传算法/遗传算法@遗传退火算法（算法简介+编程技巧+工具箱+应用大全）（含源代码）/工具箱/遗传算法工具箱2/遗传工具箱.rar,.rar,105129,f1f6a30ab3e9cb280437b7df21ac18f375ff9b827240729e79de65443efdb6e1,ARCH-DUP-003,成员已索引,58,0,0,0,False,
6.数学建模模型算法大全/遗传算法/遗传算法实例.rar,.rar,85874,58a4e5bce0ac487314c35c25c7fda0031257b693bc5131c53b2028fd540a091b,,成员已索引,31,0,1,0,False,
6.数学建模模型算法大全/遗传算法/遗传算法视频.rar,.rar,38280628,d0fc53e031ffa6772ece1fc5b3a705661c6e9ef5076e09cd99b6c02e49e93e33,,成员已索引,2,0,0,0,False,
6.数学建模模型算法大全/遗传算法/雷英杰－MATLAB遗传算法工具箱及应用.rar,.rar,10468391,b293129b57db66ffa792b86225c4778a9b803fada092de0faf37f140abd1de71,,成员已索引,177,0,0,0,False,
MATLAB其他源程序代码/MATLAB DCT水印源程序代码.rar,.rar,105736,8a89f69d6a9c7000680850269d7451f2b0c5a0bc3e9b41eeb49f728bc5d18c2c,,成员已索引,7,0,0,0,False,
MATLAB其他源程序代码/MATLAB GUI实现动态画图曲线的源程序代码.rar,.rar,69556,f9c0f27cfc95293e85c4ce15b6c9a602d7a23609ca2bbce23a40f59236252042,,成员已索引,5,0,0,0,False,
MATLAB其他源程序代码/MATLAB三次样条插值法 求信号的包络线 源代码.rar,.rar,1671,151bdb3178236147157432d4947fe1e8434ec7d309f2e37bb3852aa83fa7ab6d,,成员已索引,4,0,0,0,False,
MATLAB其他源程序代码/MATLAB中colorbar的设置 源程序代码.rar,.rar,1552,4140a2def797d3e6e3425164fb1166b0d14b66863a60794f31828dce535a4347,,成员已索引,4,0,0,0,False,
MATLAB其他源程序代码/MATLAB中的基本语法和语句示例代码.rar,.rar,63924,e96e224fbf951feffd32fa752ba1ec44d3bca9d40cbdb4de1695aebf50c456a0,,成员已索引,10,0,0,0,False,
MATLAB其他源程序代码/MATLAB使用欧拉Euler法求解微分方程组 源程序代码.rar,.rar,1716,34c78a2e74e72e99c5718eea25fda9ce64a40a9638a338607a337b5a812f1b96,,成员已索引,4,0,0,0,False,
MATLAB其他源程序代码/MATLAB信号处理 频谱分析加汉宁窗函数 源代码.rar,.rar,1582,be9abfef0e2ff0241e55b58c98ca18982f6d197bea8e6df76f92784cbd028b25,,成员已索引,4,0,0,0,False,
MATLAB其他源程序代码/MATLAB光通过三稜镜色散动画.rar,.rar,62202,0112dfcad393d016e3fce5853f5b72a3ddace904fe9715e64c28925f98dff9b3,,成员已索引,4,0,0,0,False,
MATLAB其他源程序代码/MATLAB动画 龟兔赛跑 源程序代码.rar,.rar,22972,3735bf4f643c19dfab162c4a4388612ff82d3c995dbdd8cc39602615bed836a1,,成员已索引,6,0,0,0,False,
MATLAB其他源程序代码/MATLAB四阶龙格库塔法 求解微分方程数值解 源程序代码.rar,.rar,1890,668a6e215d32374857903115e7ed3f018e35df149983ba72cc0d5c69ab5dc700,,成员已索引,4,0,0,0,False,
MATLAB其他源程序代码/MATLAB图像处理 Hough霍夫曼直线检测 源程序代码.rar,.rar,181836,8eda6dc5763d6d45ce217cb943e649d5704730d564cbc3b75d1b32c673fa4595,,成员已索引,10,0,0,0,False,
MATLAB其他源程序代码/MATLAB图像处理实现直线识别（拟合角平分线）.rar,.rar,135342,6034304dcd3cb4ea0f32eb5c93eafd981e07d4219a858d92026826b68c1791a4,,成员已索引,5,0,0,0,False,
MATLAB其他源程序代码/MATLAB图像处理实现螺纹识别 源程序代码.rar,.rar,18029,f2c69be71c24f97f5eb7151cac93313f683fe5faf8130b5f730764615553239c,,成员已索引,6,0,0,0,False,
MATLAB其他源程序代码/MATLAB夜间车牌识别程序.rar,.rar,98052,a4afccb0df7e11a62b04f615932488ce6969fb4f1fd877ead418d4780fde7d20,,成员已索引,6,0,0,0,False,
MATLAB其他源程序代码/MATLAB实现txt文本数据分离的源程序代码.rar,.rar,2296,487a00ca99f6d29704fb8977327a50b6b37345e7c7125d1f2e8b2b7cfe738322,,成员已索引,5,0,0,0,False,
MATLAB其他源程序代码/MATLAB实现不同插值方法的GUI界面设计 源程序代码.rar,.rar,11134,bbefd7d9cee2b102cf750d9b105ab481e1ffed4fb1f5a454bd55127316760ab4,,成员已索引,10,0,0,0,False,
MATLAB其他源程序代码/MATLAB实现偏微分方程的差分计算 源程序代码.rar,.rar,2158,e98375305bff774dc1d574d72c1c686dba5a96cfef301fde2c5000eff520f2ec,,成员已索引,4,0,0,0,False,
MATLAB其他源程序代码/MATLAB实现单摆在外力矩作用下的动画 源程序代码.rar,.rar,2069,267c16d3b7779d34037cda9936e4a6359590b739aa827263f036318a34c0c46e,,成员已索引,4,0,0,0,False,
MATLAB其他源程序代码/MATLAB实现图像中值 均值 维纳滤波 源程序代码.rar,.rar,5783,d92bc14cd3e1476f90a174c55069eff34f2b77831b17210005181f1654f02d63,,成员已索引,5,0,0,0,False,
MATLAB其他源程序代码/MATLAB实现图像分割otsuf 源程序代码.rar,.rar,492463,b01dda1af17061d036e38867b5ac485aa456a84cd6ba30ce1bec1a00a6feac09,,成员已索引,14,0,0,0,False,
MATLAB其他源程序代码/MATLAB实现图像去噪 滤波 锐化 边缘检测 源程序代码.rar,.rar,7327,e3601a5171f8331155b3cda676231f20d82e12b74ba90ad3e35e7da850f09d0a,,成员已索引,4,0,0,0,False,
MATLAB其他源程序代码/MATLAB实现学生成绩查询系统 源代码程序.rar,.rar,1910394,a75c200840095c201b979e0f7f9f0172e72b95676d66c65471f3cac244fab46d,,成员已索引,11,0,1,0,False,
MATLAB其他源程序代码/MATLAB实现正方体旋转 源程序代码.rar,.rar,1530,808e0a5d9e49c28ffa9e0b3b0320b1c141631060cb6d77f1bb57fe20aeafdf35,,成员已索引,4,0,0,0,False,
MATLAB其他源程序代码/MATLAB实现灰度预测模型的源代码.rar,.rar,2130,9fbe92a4bdde827d861f0fbccdcd5739e59ac496d17f56148a034f7519a3cdfe,,成员已索引,3,0,0,0,False,
MATLAB其他源程序代码/MATLAB实现线性拟合和相关系数 源程序代码.rar,.rar,1596,ebc48e79df06f29f9f5d2ff54af6d6f530f40ec13995b26be7e2722c34694a88,,成员已索引,4,0,0,0,False,
MATLAB其他源程序代码/MATLAB实现股票价格预测 源程序代码.rar,.rar,1442,967d05d68026ac4810cf133ed38213008d12f33eb7958e339840d2187dc1e9f4,,成员已索引,4,0,0,0,False,
MATLAB其他源程序代码/MATLAB寻找素数的源程序代码.rar,.rar,61780,82dfdd7aa445c9673b053d034c682702b8d787f037fcea36ffd7772dd41fc90f,,成员已索引,4,0,0,0,False,
MATLAB其他源程序代码/MATLAB希尔伯特Hilbert变换求包络谱 源程序代码.rar,.rar,2007,4ed229a1e4a49b944b5b80596a7ba786f681c23584727b8b39a2b6c53b68e7fc,,成员已索引,4,0,0,0,False,
MATLAB其他源程序代码/MATLAB建模 人口增长模型 源程序代码.rar,.rar,1788,ed75f26d78cd04544b059b77b85280b041505cbd060636eda797431db1466aa9,,成员已索引,4,0,0,0,False,
MATLAB其他源程序代码/MATLAB拟合求解圆心和半径 源程序代码.rar,.rar,3257,9d405f362f47153c12b0af8d818cef3e0120b042144b0903c615bd075f718e7c,,成员已索引,5,0,0,0,False,
MATLAB其他源程序代码/MATLAB文字连通域源程序代码.rar,.rar,81947,d3dc1e39be78ce6a969b9465bfe2f6060a3b709ca9b2076bf3534cf182a4d02e,,成员已索引,6,0,0,0,False,
MATLAB其他源程序代码/MATLAB求解偏微分方程（扩散方程）有限差分法 源程序代码.rar,.rar,1794,f5a5425f40471f98f0d6bc9482b22c7c9c0e6f764312b1f1ec380ec9eda78778,,成员已索引,4,0,0,0,False,
MATLAB其他源程序代码/MATLAB求解无穷区间定积分问题 源程序代码.rar,.rar,1739,b3c05cf78f73c66606a9e5a47493e9d3c770ab0460287d5af468d58bed2c213b,,成员已索引,5,0,0,0,False,
MATLAB其他源程序代码/MATLAB求解混沌系统微分方程组.rar,.rar,1606,831956a847bf2a74d8c95fd922d33357138c10c368dca1605baddde4ed3dde44,,成员已索引,4,0,0,0,False,
MATLAB其他源程序代码/MATLAB求解矩阵的特征值 源程序代码.rar,.rar,1440,ba48547df171a31352f7773782fea02b0d70564f79d217a29ca57b81e5c60ef5,,成员已索引,4,0,0,0,False,
MATLAB其他源程序代码/MATLAB求解非线性方程组 fsolve源程序代码.rar,.rar,1901,6a1332b77e15a391900d5d6671e90343f55721afec9d41727e74808483d7fc74,,成员已索引,4,0,0,0,False,
MATLAB其他源程序代码/MATLAB求解非线性最小二乘法拟合问题 源程序代码.rar,.rar,2432,711382a6ab480caec11857bb8110fa6c34468bb3b440c5bdc63cb239b97b2109,,成员已索引,5,0,0,0,False,
MATLAB其他源程序代码/MATLAB牛顿法求解非线性方程组 源程序代码.rar,.rar,1507,fb0d23a3bf89f86f45ca9962c7b6b53cf317a82141f37cc694c79f2444d06124,,成员已索引,4,0,0,0,False,
MATLAB其他源程序代码/MATLAB生成Gif图片程序源代码.rar,.rar,65360,356d8cbec095b44e89df0fed0c1e4e6f729da84ff1cdeaff5512964d5b5fbc91,,成员已索引,5,0,0,0,False,
MATLAB其他源程序代码/MATLAB符号计算实例 函数的最值点渐近线拐点 源程序.rar,.rar,1771,ce90158eb844fc7d67ae22ab61715347fe17415c4c81f4f32463aadc0cda43ec,,成员已索引,4,0,0,0,False,
MATLAB其他源程序代码/MATLAB绘制 维维安尼Viviani曲线 源代码程序.rar,.rar,1531,3df3419d7d3d3e49dd5c7cba03256435d738859d2d7073867ca4b033e7dc87f6,,成员已索引,4,0,0,0,False,
MATLAB其他源程序代码/MATLAB绘制分子结构 源程序代码.rar,.rar,1514,0f89d5e3e9c660deef6b3a72c9af32b1dbac40afae3035e8817c05dc90bf2b9d,,成员已索引,4,0,0,0,False,
MATLAB其他源程序代码/MATLAB绘制圆形并填充斜线 源程序代码.rar,.rar,28517,857539c69af72b25e2d56d0b4039011ff1591a6c9b02198a88acc4c8b110f5a8,,成员已索引,6,0,0,0,False,
MATLAB其他源程序代码/MATLAB计算粒子速度分布 源程序代码.rar,.rar,2043,8375b531a7ae853cdfaef162783206b42b29b9a9ee1521a9853e507d7167e8d9,,成员已索引,4,0,0,0,False,
MATLAB其他源程序代码/MATLAB设计的简单滤波器程序源代码.rar,.rar,62000,df12c7a36c42f225c50a3e100a5a6c60dab68652b5d4d9da4d97088d8d7ad8e9,,成员已索引,4,0,0,0,False,
MATLAB其他源程序代码/MATLAB霍夫曼Huffman编码译码GUI界面设计 源程序代码.rar,.rar,15158,0161f19ab1cc24c6bd00646ff2b98c31a40601934097a718fd16c4cc682e05c0,,成员已索引,11,0,0,0,False,
MATLAB其他源程序代码/RBF神经网络的训练 MATLAB源程序代码.rar,.rar,1629,d335c89929989969aa677105ed2ee6ce428b6c05d8b30f539586a41ff3fffbe6,,成员已索引,4,0,0,0,False,
MATLAB其他源程序代码/基于仿射变换的数字图象置乱技术 MATLAB源程序代码.rar,.rar,63727,f613c6dba5983fcd89ce5e3ebd604ee7abf58692bcb75ec280ae745c5d8a9159,,成员已索引,6,0,0,0,False,
MATLAB其他源程序代码/拉格朗日插值 MATLAB源程序代码.rar,.rar,61603,ce595e52f32da0543bbb5f2b70b727774be08e162d2eb63b1b883dd29976db25,,成员已索引,4,0,0,0,False,
MATLAB其他源程序代码/杨氏双孔干涉实验的MATLAB计算机模拟 源程序代码.rar,.rar,1828459,6eaeceeac9f0bae1b9bbd9365ade4c2be0070948945ab6ed16fed3e578cbcfda,,成员已索引,6,0,1,0,False,
MATLAB其他源程序代码/牛顿Newton插值 MATLAB源程序代码.rar,.rar,61664,04b912c8eef482f4053a314432f577f47814dcc90870c540c11c6c5d0c3543b8,,成员已索引,4,0,0,0,False,
MATLAB其他源程序代码/蒙特卡洛法求椭圆面积的MATLAB源程序代码.rar,.rar,1475,30f8a6189d2ccf0a17bb96c451b6ecdcf5aee6f9391dad47602ed7b734a8f34a,,成员已索引,4,0,0,0,False,
推荐基础数模资料学习/matlab编程学习/Matlab-GUI(视频教程)-2.rar,.rar,40760384,378f3740b6baa021a8aa9187362e298f88bfd1bb258589d7468ff9ad08d6a7a6,,成员已索引,3,0,0,0,False,
推荐基础数模资料学习/matlab编程学习/matlab_GUI设计.rar,.rar,306397,1c1f42bbf832d739108e8d4d5d2031dad1d6e9212432dfdb9b167d57805e7990,,成员已索引,42,0,0,0,False,
推荐基础数模资料学习/matlab编程学习/Matlab汇总_3257.zip,.zip,195308681,b5bdb1ba11d24239aa4b96cde3fefc0708a61322b03d8da5cec364bd1783f627,,成员已索引,546,2,6,0,False,
推荐基础数模资料学习/matlab编程学习/MATLAB神经网络30个案例分析[全文PDF] 及代码] 打包下载.zip,.zip,13259245,9a2c8b698aab0c01652bc1ce542487ce5a246ec4391a5237bab8732e4c87b73d,,成员已索引,285,0,0,0,False,
推荐基础数模资料学习/matlab编程学习/MATLAB语言常用算法程序集.rar,.rar,115698,83871cd2bf958ffa842f760b28e2ca6d0ec1a1e769bc73d8718ad72bfb1f3cb5,,成员已索引,270,0,0,0,False,
推荐基础数模资料学习/matlab编程学习/MATLAB遗传算法工具箱及应用.rar,.rar,10458119,b6dd6fee91862854ec6bcdf4d7799192d2d004c2593305f65ee67c6c506b9ae8,,成员已索引,173,0,0,0,False,
推荐基础数模资料学习/matlab编程学习/精通MATLAB7.0混合编程.rar,.rar,16823678,5f22c3904c788749eb9e254ac545b29e039294927db254617225edf6bbcb78e1,,成员已索引,645,0,10,0,False,
推荐基础数模资料学习/matlab编程学习/精通MATLAB最优化计算(龚纯).part1.rar,.rar,10319872,1e5a1ded87d82a3f95cbe1ad81980bb93c2daed5f54a72474a9e8888780bb82e,,成员已索引,1,0,0,0,False,
推荐基础数模资料学习/matlab编程学习/精通MATLAB最优化计算(龚纯).part2.rar,.rar,10319872,4a64d56d0c02115732851fa47a3516d4785d08170d912ab318d2ae12018ef161,,成员已索引,1,0,0,0,False,
推荐基础数模资料学习/matlab编程学习/精通MATLAB最优化计算(龚纯).part3.rar,.rar,10319872,c88bf14b6109259494b86be15b8592e957f60be1eef151b964cf630654014421,,成员已索引,1,0,0,0,False,
推荐基础数模资料学习/matlab编程学习/精通MATLAB最优化计算(龚纯).part4(1).rar,.rar,10319872,3a75c97a73a934ad2b58f7602152bafe33f1bdeeeb3eaec075390f174490a1ac,ARCH-DUP-004,成员已索引,1,0,0,0,False,
推荐基础数模资料学习/matlab编程学习/精通MATLAB最优化计算(龚纯).part4.rar,.rar,10319872,3a75c97a73a934ad2b58f7602152bafe33f1bdeeeb3eaec075390f174490a1ac,ARCH-DUP-004,成员已索引,1,0,0,0,False,
推荐基础数模资料学习/matlab编程学习/精通MATLAB最优化计算(龚纯).part5.rar,.rar,10319872,ad26d8cf559d859e7934a5689ee4307f14a7c31e0f09fc9c6748ef49b9dae5a1,,成员已索引,1,0,0,0,False,
推荐基础数模资料学习/matlab编程学习/精通MATLAB最优化计算(龚纯).part6.rar,.rar,8419921,cbeed7b5611f65e2e49c8e4e43104cd1a94f592f0daa02ec606e5cd562f5bcc9,,成员已索引,1,0,0,0,False,
推荐基础数模资料学习/matlab编程学习/精通MATLAB最优化计算.RAR,.rar,151947,d5bf8fed0ce2ac2c572648eb837ca13515025e74acefd924116cc09ccaaafc67,,成员已索引,73,0,0,0,False,
推荐基础数模资料学习/十大算法/图论/哈密尔顿回路/三边交换简单算法/哈密尔顿回路.rar,.rar,1327,312bc5ffecf408884d8beeef9f70b818f006ae0529760f3249f56fed1dd20a2e,,成员已索引,4,0,0,0,False,
推荐基础数模资料学习/十大算法/神经网络.zip,.zip,306455,65e0081b42e39d6a6744084530b3e3f900f62fd991d91d3cc8e4de4f7d21f7e0,,成员已索引,3,0,0,0,True,
推荐基础数模资料学习/十大算法/遗传算法/遗传算法工具箱/GA.rar,.rar,555643,3cd46e2d7e142e5d59f4e8713436ba169bf45282b84fc62fd8b827ac5823d8bc,ARCH-DUP-001,成员已索引,20,5,0,0,False,
推荐基础数模资料学习/十大算法/遗传算法/遗传算法工具箱/GA2.zip,.zip,109092,5c89ec5caaa0c49db4de7da65b227ac2f30d1a890fa33d9eea27c3295f1f9480,ARCH-DUP-002,成员已索引,33,0,0,0,False,
推荐基础数模资料学习/十大算法/遗传算法/遗传算法工具箱2/遗传工具箱.rar,.rar,105129,f1f6a30ab3e9cb280437b7df21ac18f375ff9b827240729e79de65443efdb6e1,ARCH-DUP-003,成员已索引,58,0,0,0,False,
推荐基础数模资料学习/数学建模-历年考题.zip,.zip,10700228,d65a5e4545dbdd4d5a13b8933a0d3b5344e063db5becf215102005d9b5db02f0,,成员已索引,105,7,0,0,False,
推荐基础数模资料学习/数学建模-新手入门.zip,.zip,39482019,f84a813dc9c613b459d7582bd74b8c93fb98a6a47431b9f2cb856900f7cb261a,,成员已索引,45,0,1,0,False,
推荐基础数模资料学习/数学建模-算法-汇总.zip,.zip,25197195,05a5b1c64d2b9c315175efe5d65f100a1015291e3937dc576a34c52a441538da,,成员已索引,423,2,6,0,False,
推荐基础数模资料学习/数学建模-论文.zip,.zip,252273874,85572e6d3bc1265d919d74a45b8bc5becba7d0cb246e5b09a6517a1ccd2cab3e,,成员已索引,403,0,0,0,False,
推荐基础数模资料学习/数学建模.zip,.zip,2561777174,ad0d4d22e1194570878af9ccf436b29c49dd57e43bd42bf3b0f69b1f809fd2e7,,成员已索引,6474,221,122,0,False,
推荐基础数模资料学习/数学建模的29个通用模型及解法和matlab学习资料大全（模型）/数学建模的29个通用模型及解法和matlab学习资料大全第13到19章（模型）.rar,.rar,1225541,5e1324cea48a74a906ffc8a7a66a06e3a3bb1dd0138bedb1307743ec93449f60,,成员已索引,10,0,0,0,False,
推荐基础数模资料学习/数学建模的29个通用模型及解法和matlab学习资料大全（模型）/数学建模的29个通用模型及解法和matlab学习资料大全第1到13章.rar,.rar,2908003,f0219c753117dcc18ad76852d8fe5592d343ef2ab297c58c00b034a6b5fd1b61,,成员已索引,19,0,0,0,False,
推荐基础数模资料学习/数学建模的29个通用模型及解法和matlab学习资料大全（模型）/数学建模的29个通用模型及解法和matlab学习资料大全第20到30章.rar,.rar,3554496,89f8662b0c9b9cd9be2796206bb68573dc09c590b3c615d1d3f58fefe0e242ca,,成员已索引,14,0,0,0,False,
推荐基础数模资料学习/数学建模算法全收录.zip,.zip,8365909,77fab33e5a15e0db8a20abe88b84667ced3f8d7a099b9385731049079ca0b2b4,,成员已索引,38,0,0,0,False,
推荐基础数模资料学习/数学模型-超全模型汇总.zip,.zip,52651475,3680682047efb2dfb1de97da14092bef2ac0e8441eeab6af40c480251401c733,,成员已索引,298,0,0,0,False,
数学建模30个常用算法(Python代码).zip,.zip,135497828,05377b1ca9e749c9fc014c2c8fe5b4fdbe051c98e9eb487409fe6698d08177e2,,成员已索引,44,1,1,0,False,
数学建模程序代码资料合集/GRNN的数据预测-基于广义回归神经网络货运量预测.rar,.rar,2742718,0bcfb5c9e32fbe25811a453bff519c17326d0efbbb369cddae02a4d4f870ecee,,成员已索引,7,0,0,0,False,
数学建模程序代码资料合集/RBF神经网络做回归预测代码.zip,.zip,1101,e8a86daa8c3082828a4268083949ee464773c0efc88da8fb089238288ff53867,,成员已索引,1,0,0,0,True,
数学建模程序代码资料合集/《MATLAB+神经网络43个案例分析》源代码&数据.rar,.rar,12348019,c1366ca90e7a41dafeb51e792ce8a12fa9d987930d7a2d5b8e8c5f6ba9b30baf,,成员已索引,45,43,0,0,False,
数学建模程序代码资料合集/数字图像处理matlab代码.rar,.rar,315923,e3bbee3e8e74d52915d8b6a3301ad761c7a35cbb6494692a41d6446ba40a4357,,成员已索引,209,0,0,0,False,
数学建模程序代码资料合集/时间序列模型ARIMA的讲解与matlab代码实现（含多个实例）.rar,.rar,501877,c0eac12b12ee507f7c90e49007b72d26b37bf946d816f1a78ab9edfbbdcfb214,,成员已索引,6,0,0,0,False,
数学建模程序代码资料合集/第二期程序包：美赛各题型常见参考代码汇总.zip,.zip,119825780,e7ae2149e5df738342933db9d456190df264af3ebd7845c0790f20c2dcf78f9c,,成员已索引,13572,47,40,0,False,
数学建模程序代码资料合集/隐马尔可夫预测代码（含有大量案例）.zip,.zip,1400275,40053ab1bb90c8ae78c9080789e7e66e25537ad9b96ca078c638cb532bddcd4a,,成员已索引,39,0,0,0,False,
